citing,cited,year
synth-0001,synth-0030,2023
synth-0001,synth-0038,2023
synth-0001,synth-0057,2023
synth-0001,synth-0078,2023
synth-0001,synth-0292,2023
synth-0001,synth-0877,2023
synth-0002,synth-0004,2023
synth-0002,synth-0008,2023
synth-0002,synth-0011,2023
synth-0002,synth-0023,2023
synth-0002,synth-0028,2023
synth-0002,synth-0046,2023
synth-0002,synth-0061,2023
synth-0002,synth-0073,2023
synth-0002,synth-0322,2023
synth-0002,synth-0363,2023
synth-0002,synth-0752,2023
synth-0002,synth-0854,2023
synth-0002,synth-0882,2023
synth-0003,synth-0014,2019
synth-0003,synth-0015,2019
synth-0003,synth-0050,2019
synth-0003,synth-0065,2019
synth-0003,synth-0072,2019
synth-0003,synth-0084,2019
synth-0006,synth-0075,2021
synth-0006,synth-0077,2021
synth-0006,synth-0301,2021
synth-0007,synth-0017,2018
synth-0007,synth-0036,2018
synth-0007,synth-0041,2018
synth-0007,synth-0058,2018
synth-0007,synth-0086,2018
synth-0008,synth-0003,2019
synth-0008,synth-0027,2019
synth-0008,synth-0035,2019
synth-0008,synth-0086,2019
synth-0008,synth-0331,2019
synth-0009,synth-0006,2021
synth-0009,synth-0010,2021
synth-0009,synth-0036,2021
synth-0009,synth-0037,2021
synth-0009,synth-0071,2021
synth-0009,synth-0799,2021
synth-0009,synth-0873,2021
synth-0009,synth-0896,2021
synth-0010,synth-0008,2019
synth-0010,synth-0030,2019
synth-0010,synth-0058,2019
synth-0010,synth-0086,2019
synth-0010,synth-0087,2019
synth-0010,synth-0771,2019
synth-0011,synth-0065,2018
synth-0011,synth-0068,2018
synth-0011,synth-0082,2018
synth-0012,synth-0009,2022
synth-0012,synth-0017,2022
synth-0012,synth-0026,2022
synth-0012,synth-0027,2022
synth-0012,synth-0029,2022
synth-0012,synth-0048,2022
synth-0012,synth-0050,2022
synth-0012,synth-0058,2022
synth-0012,synth-0062,2022
synth-0012,synth-0064,2022
synth-0012,synth-0074,2022
synth-0012,synth-0309,2022
synth-0012,synth-0320,2022
synth-0012,synth-0791,2022
synth-0012,synth-0923,2022
synth-0015,synth-0005,2018
synth-0015,synth-0018,2018
synth-0015,synth-0065,2018
synth-0015,synth-0067,2018
synth-0015,synth-0075,2018
synth-0015,synth-0836,2018
synth-0016,synth-0015,2020
synth-0016,synth-0020,2020
synth-0016,synth-0055,2020
synth-0016,synth-0341,2020
synth-0016,synth-0568,2020
synth-0017,synth-0068,2017
synth-0017,synth-0883,2017
synth-0018,synth-0004,2018
synth-0018,synth-0072,2018
synth-0019,synth-0007,2024
synth-0019,synth-0008,2024
synth-0019,synth-0014,2024
synth-0019,synth-0040,2024
synth-0019,synth-0041,2024
synth-0019,synth-0046,2024
synth-0019,synth-0047,2024
synth-0019,synth-0048,2024
synth-0019,synth-0059,2024
synth-0019,synth-0062,2024
synth-0019,synth-0074,2024
synth-0019,synth-0088,2024
synth-0019,synth-0288,2024
synth-0019,synth-0336,2024
synth-0019,synth-0710,2024
synth-0019,synth-0793,2024
synth-0019,synth-0852,2024
synth-0020,synth-0015,2020
synth-0020,synth-0189,2020
synth-0020,synth-0274,2020
synth-0020,synth-0830,2020
synth-0020,synth-0869,2020
synth-0021,synth-0004,2023
synth-0021,synth-0007,2023
synth-0021,synth-0025,2023
synth-0021,synth-0032,2023
synth-0021,synth-0051,2023
synth-0021,synth-0056,2023
synth-0021,synth-0073,2023
synth-0021,synth-0280,2023
synth-0021,synth-0301,2023
synth-0021,synth-0344,2023
synth-0021,synth-0732,2023
synth-0021,synth-0774,2023
synth-0021,synth-0925,2023
synth-0022,synth-0037,2021
synth-0022,synth-0038,2021
synth-0022,synth-0042,2021
synth-0022,synth-0078,2021
synth-0022,synth-0086,2021
synth-0022,synth-0189,2021
synth-0022,synth-0554,2021
synth-0022,synth-0708,2021
synth-0022,synth-0887,2021
synth-0023,synth-0011,2018
synth-0023,synth-0086,2018
synth-0023,synth-0534,2018
synth-0023,synth-0862,2018
synth-0023,synth-0872,2018
synth-0023,synth-0881,2018
synth-0024,synth-0023,2022
synth-0024,synth-0026,2022
synth-0024,synth-0061,2022
synth-0024,synth-0062,2022
synth-0024,synth-0072,2022
synth-0024,synth-0076,2022
synth-0024,synth-0080,2022
synth-0024,synth-0771,2022
synth-0024,synth-0772,2022
synth-0024,synth-0871,2022
synth-0024,synth-0923,2022
synth-0025,synth-0003,2021
synth-0025,synth-0016,2021
synth-0025,synth-0051,2021
synth-0025,synth-0057,2021
synth-0025,synth-0065,2021
synth-0025,synth-0067,2021
synth-0025,synth-0133,2021
synth-0025,synth-0602,2021
synth-0025,synth-0760,2021
synth-0025,synth-0792,2021
synth-0025,synth-0847,2021
synth-0025,synth-0868,2021
synth-0025,synth-0869,2021
synth-0025,synth-0909,2021
synth-0026,synth-0004,2022
synth-0026,synth-0006,2022
synth-0026,synth-0036,2022
synth-0026,synth-0059,2022
synth-0026,synth-0072,2022
synth-0026,synth-0241,2022
synth-0026,synth-0336,2022
synth-0026,synth-0552,2022
synth-0026,synth-0721,2022
synth-0026,synth-0738,2022
synth-0026,synth-0806,2022
synth-0026,synth-0869,2022
synth-0026,synth-0925,2022
synth-0027,synth-0038,2019
synth-0027,synth-0050,2019
synth-0027,synth-0057,2019
synth-0027,synth-0180,2019
synth-0027,synth-0345,2019
synth-0027,synth-0410,2019
synth-0027,synth-0784,2019
synth-0028,synth-0003,2023
synth-0028,synth-0010,2023
synth-0028,synth-0014,2023
synth-0028,synth-0015,2023
synth-0028,synth-0027,2023
synth-0028,synth-0035,2023
synth-0028,synth-0066,2023
synth-0028,synth-0080,2023
synth-0028,synth-0084,2023
synth-0028,synth-0319,2023
synth-0028,synth-0803,2023
synth-0028,synth-0910,2023
synth-0028,synth-0925,2023
synth-0030,synth-0004,2018
synth-0030,synth-0087,2018
synth-0030,synth-0331,2018
synth-0030,synth-0476,2018
synth-0031,synth-0011,2024
synth-0031,synth-0036,2024
synth-0031,synth-0045,2024
synth-0031,synth-0051,2024
synth-0031,synth-0052,2024
synth-0031,synth-0075,2024
synth-0031,synth-0083,2024
synth-0031,synth-0084,2024
synth-0031,synth-0085,2024
synth-0031,synth-0090,2024
synth-0031,synth-0346,2024
synth-0031,synth-0349,2024
synth-0031,synth-0925,2024
synth-0032,synth-0023,2020
synth-0032,synth-0027,2020
synth-0032,synth-0058,2020
synth-0033,synth-0003,2024
synth-0033,synth-0020,2024
synth-0033,synth-0021,2024
synth-0033,synth-0024,2024
synth-0033,synth-0028,2024
synth-0033,synth-0036,2024
synth-0033,synth-0082,2024
synth-0033,synth-0143,2024
synth-0033,synth-0789,2024
synth-0033,synth-0804,2024
synth-0033,synth-0855,2024
synth-0033,synth-0865,2024
synth-0033,synth-0915,2024
synth-0034,synth-0008,2021
synth-0034,synth-0067,2021
synth-0034,synth-0074,2021
synth-0034,synth-0075,2021
synth-0034,synth-0289,2021
synth-0034,synth-0307,2021
synth-0034,synth-0324,2021
synth-0034,synth-0763,2021
synth-0034,synth-0838,2021
synth-0035,synth-0023,2019
synth-0035,synth-0087,2019
synth-0036,synth-0013,2018
synth-0036,synth-0869,2018
synth-0036,synth-0872,2018
synth-0037,synth-0041,2017
synth-0037,synth-0058,2017
synth-0037,synth-0082,2017
synth-0038,synth-0789,2016
synth-0039,synth-0010,2021
synth-0039,synth-0011,2021
synth-0039,synth-0055,2021
synth-0039,synth-0057,2021
synth-0039,synth-0076,2021
synth-0040,synth-0018,2024
synth-0040,synth-0032,2024
synth-0040,synth-0047,2024
synth-0040,synth-0076,2024
synth-0040,synth-0082,2024
synth-0040,synth-0085,2024
synth-0040,synth-0284,2024
synth-0040,synth-0389,2024
synth-0040,synth-0880,2024
synth-0040,synth-0925,2024
synth-0041,synth-0004,2017
synth-0041,synth-0038,2017
synth-0041,synth-0787,2017
synth-0041,synth-0881,2017
synth-0042,synth-0029,2020
synth-0042,synth-0036,2020
synth-0042,synth-0063,2020
synth-0042,synth-0067,2020
synth-0042,synth-0347,2020
synth-0042,synth-0800,2020
synth-0042,synth-0898,2020
synth-0042,synth-0909,2020
synth-0043,synth-0003,2024
synth-0043,synth-0024,2024
synth-0043,synth-0025,2024
synth-0043,synth-0032,2024
synth-0043,synth-0046,2024
synth-0043,synth-0051,2024
synth-0043,synth-0065,2024
synth-0043,synth-0077,2024
synth-0043,synth-0080,2024
synth-0043,synth-0086,2024
synth-0043,synth-0089,2024
synth-0043,synth-0349,2024
synth-0043,synth-0825,2024
synth-0043,synth-0830,2024
synth-0043,synth-0902,2024
synth-0044,synth-0001,2023
synth-0044,synth-0010,2023
synth-0044,synth-0024,2023
synth-0044,synth-0037,2023
synth-0044,synth-0052,2023
synth-0044,synth-0078,2023
synth-0044,synth-0080,2023
synth-0044,synth-0309,2023
synth-0044,synth-0722,2023
synth-0044,synth-0764,2023
synth-0044,synth-0880,2023
synth-0044,synth-0914,2023
synth-0045,synth-0014,2019
synth-0045,synth-0027,2019
synth-0045,synth-0326,2019
synth-0045,synth-0851,2019
synth-0046,synth-0018,2022
synth-0046,synth-0024,2022
synth-0046,synth-0027,2022
synth-0046,synth-0034,2022
synth-0046,synth-0273,2022
synth-0046,synth-0274,2022
synth-0046,synth-0874,2022
synth-0046,synth-0909,2022
synth-0046,synth-0915,2022
synth-0046,synth-0925,2022
synth-0047,synth-0004,2023
synth-0047,synth-0006,2023
synth-0047,synth-0059,2023
synth-0047,synth-0062,2023
synth-0047,synth-0076,2023
synth-0047,synth-0080,2023
synth-0047,synth-0083,2023
synth-0047,synth-0086,2023
synth-0047,synth-0087,2023
synth-0047,synth-0242,2023
synth-0047,synth-0351,2023
synth-0048,synth-0007,2022
synth-0048,synth-0010,2022
synth-0048,synth-0023,2022
synth-0048,synth-0024,2022
synth-0048,synth-0030,2022
synth-0048,synth-0042,2022
synth-0048,synth-0058,2022
synth-0048,synth-0064,2022
synth-0048,synth-0068,2022
synth-0048,synth-0073,2022
synth-0048,synth-0077,2022
synth-0048,synth-0078,2022
synth-0048,synth-0081,2022
synth-0048,synth-0272,2022
synth-0048,synth-0645,2022
synth-0048,synth-0758,2022
synth-0048,synth-0825,2022
synth-0048,synth-0901,2022
synth-0048,synth-0925,2022
synth-0049,synth-0011,2022
synth-0049,synth-0034,2022
synth-0049,synth-0084,2022
synth-0049,synth-0089,2022
synth-0049,synth-0756,2022
synth-0049,synth-0848,2022
synth-0051,synth-0005,2020
synth-0051,synth-0013,2020
synth-0051,synth-0036,2020
synth-0051,synth-0071,2020
synth-0051,synth-0078,2020
synth-0051,synth-0472,2020
synth-0051,synth-0830,2020
synth-0052,synth-0011,2022
synth-0052,synth-0014,2022
synth-0052,synth-0029,2022
synth-0052,synth-0049,2022
synth-0052,synth-0057,2022
synth-0052,synth-0062,2022
synth-0052,synth-0068,2022
synth-0052,synth-0074,2022
synth-0052,synth-0076,2022
synth-0052,synth-0085,2022
synth-0052,synth-0109,2022
synth-0052,synth-0356,2022
synth-0052,synth-0782,2022
synth-0052,synth-0909,2022
synth-0052,synth-0915,2022
synth-0053,synth-0002,2024
synth-0053,synth-0011,2024
synth-0053,synth-0019,2024
synth-0053,synth-0024,2024
synth-0053,synth-0045,2024
synth-0053,synth-0047,2024
synth-0053,synth-0048,2024
synth-0053,synth-0077,2024
synth-0053,synth-0084,2024
synth-0053,synth-0273,2024
synth-0053,synth-0282,2024
synth-0053,synth-0308,2024
synth-0053,synth-0665,2024
synth-0053,synth-0727,2024
synth-0054,synth-0002,2024
synth-0054,synth-0004,2024
synth-0054,synth-0011,2024
synth-0054,synth-0038,2024
synth-0054,synth-0046,2024
synth-0054,synth-0056,2024
synth-0054,synth-0059,2024
synth-0054,synth-0064,2024
synth-0054,synth-0079,2024
synth-0054,synth-0082,2024
synth-0054,synth-0136,2024
synth-0054,synth-0774,2024
synth-0054,synth-0809,2024
synth-0054,synth-0810,2024
synth-0054,synth-0866,2024
synth-0055,synth-0020,2020
synth-0055,synth-0859,2020
synth-0055,synth-0898,2020
synth-0056,synth-0020,2023
synth-0056,synth-0032,2023
synth-0056,synth-0034,2023
synth-0056,synth-0037,2023
synth-0056,synth-0059,2023
synth-0056,synth-0065,2023
synth-0056,synth-0068,2023
synth-0056,synth-0080,2023
synth-0056,synth-0082,2023
synth-0056,synth-0463,2023
synth-0056,synth-0791,2023
synth-0056,synth-0875,2023
synth-0057,synth-0004,2018
synth-0057,synth-0018,2018
synth-0057,synth-0072,2018
synth-0057,synth-0075,2018
synth-0057,synth-0751,2018
synth-0058,synth-0082,2017
synth-0058,synth-0084,2017
synth-0058,synth-0283,2017
synth-0058,synth-0752,2017
synth-0059,synth-0014,2022
synth-0059,synth-0016,2022
synth-0059,synth-0022,2022
synth-0059,synth-0072,2022
synth-0059,synth-0082,2022
synth-0059,synth-0085,2022
synth-0059,synth-0810,2022
synth-0059,synth-0872,2022
synth-0059,synth-0900,2022
synth-0059,synth-0901,2022
synth-0060,synth-0024,2024
synth-0060,synth-0033,2024
synth-0060,synth-0046,2024
synth-0060,synth-0059,2024
synth-0060,synth-0067,2024
synth-0060,synth-0071,2024
synth-0060,synth-0075,2024
synth-0060,synth-0080,2024
synth-0060,synth-0085,2024
synth-0060,synth-0296,2024
synth-0060,synth-0691,2024
synth-0060,synth-0841,2024
synth-0060,synth-0885,2024
synth-0060,synth-0915,2024
synth-0061,synth-0068,2021
synth-0061,synth-0072,2021
synth-0061,synth-0074,2021
synth-0061,synth-0803,2021
synth-0062,synth-0010,2022
synth-0062,synth-0055,2022
synth-0062,synth-0067,2022
synth-0062,synth-0076,2022
synth-0062,synth-0286,2022
synth-0062,synth-0432,2022
synth-0062,synth-0758,2022
synth-0063,synth-0038,2018
synth-0063,synth-0041,2018
synth-0063,synth-0058,2018
synth-0064,synth-0008,2021
synth-0064,synth-0022,2021
synth-0064,synth-0035,2021
synth-0064,synth-0058,2021
synth-0064,synth-0061,2021
synth-0064,synth-0071,2021
synth-0064,synth-0311,2021
synth-0064,synth-0814,2021
synth-0065,synth-0067,2017
synth-0065,synth-0345,2017
synth-0065,synth-0585,2017
synth-0066,synth-0007,2023
synth-0066,synth-0016,2023
synth-0066,synth-0022,2023
synth-0066,synth-0039,2023
synth-0066,synth-0047,2023
synth-0066,synth-0067,2023
synth-0066,synth-0077,2023
synth-0066,synth-0080,2023
synth-0066,synth-0294,2023
synth-0066,synth-0776,2023
synth-0066,synth-0783,2023
synth-0067,synth-0050,2016
synth-0068,synth-0299,2017
synth-0068,synth-0355,2017
synth-0069,synth-0015,2021
synth-0069,synth-0022,2021
synth-0069,synth-0035,2021
synth-0069,synth-0055,2021
synth-0069,synth-0064,2021
synth-0069,synth-0086,2021
synth-0069,synth-0486,2021
synth-0069,synth-0735,2021
synth-0069,synth-0800,2021
synth-0069,synth-0868,2021
synth-0069,synth-0883,2021
synth-0069,synth-0909,2021
synth-0070,synth-0001,2024
synth-0070,synth-0011,2024
synth-0070,synth-0026,2024
synth-0070,synth-0030,2024
synth-0070,synth-0031,2024
synth-0070,synth-0032,2024
synth-0070,synth-0034,2024
synth-0070,synth-0037,2024
synth-0070,synth-0041,2024
synth-0070,synth-0064,2024
synth-0070,synth-0086,2024
synth-0070,synth-0175,2024
synth-0070,synth-0285,2024
synth-0070,synth-0309,2024
synth-0070,synth-0344,2024
synth-0070,synth-0351,2024
synth-0070,synth-0357,2024
synth-0070,synth-0358,2024
synth-0070,synth-0748,2024
synth-0070,synth-0799,2024
synth-0070,synth-0901,2024
synth-0070,synth-0909,2024
synth-0070,synth-0925,2024
synth-0071,synth-0015,2020
synth-0071,synth-0038,2020
synth-0071,synth-0078,2020
synth-0071,synth-0085,2020
synth-0071,synth-0332,2020
synth-0071,synth-0607,2020
synth-0072,synth-0084,2017
synth-0073,synth-0004,2022
synth-0073,synth-0009,2022
synth-0073,synth-0048,2022
synth-0073,synth-0078,2022
synth-0073,synth-0080,2022
synth-0073,synth-0343,2022
synth-0073,synth-0757,2022
synth-0073,synth-0792,2022
synth-0073,synth-0848,2022
synth-0074,synth-0036,2019
synth-0074,synth-0038,2019
synth-0074,synth-0050,2019
synth-0074,synth-0057,2019
synth-0074,synth-0087,2019
synth-0074,synth-0839,2019
synth-0075,synth-0004,2017
synth-0075,synth-0017,2017
synth-0076,synth-0015,2020
synth-0076,synth-0038,2020
synth-0076,synth-0050,2020
synth-0076,synth-0774,2020
synth-0077,synth-0010,2021
synth-0077,synth-0025,2021
synth-0077,synth-0032,2021
synth-0077,synth-0068,2021
synth-0077,synth-0072,2021
synth-0077,synth-0081,2021
synth-0077,synth-0305,2021
synth-0077,synth-0685,2021
synth-0077,synth-0733,2021
synth-0077,synth-0742,2021
synth-0077,synth-0760,2021
synth-0077,synth-0844,2021
synth-0077,synth-0888,2021
synth-0078,synth-0003,2020
synth-0078,synth-0037,2020
synth-0078,synth-0045,2020
synth-0078,synth-0071,2020
synth-0078,synth-0703,2020
synth-0078,synth-0778,2020
synth-0078,synth-0863,2020
synth-0079,synth-0001,2024
synth-0079,synth-0008,2024
synth-0079,synth-0014,2024
synth-0079,synth-0016,2024
synth-0079,synth-0040,2024
synth-0079,synth-0082,2024
synth-0079,synth-0307,2024
synth-0079,synth-0350,2024
synth-0079,synth-0798,2024
synth-0080,synth-0015,2022
synth-0080,synth-0016,2022
synth-0080,synth-0037,2022
synth-0080,synth-0048,2022
synth-0080,synth-0049,2022
synth-0080,synth-0286,2022
synth-0080,synth-0338,2022
synth-0080,synth-0637,2022
synth-0080,synth-0751,2022
synth-0080,synth-0783,2022
synth-0080,synth-0806,2022
synth-0080,synth-0857,2022
synth-0080,synth-0915,2022
synth-0081,synth-0008,2021
synth-0081,synth-0011,2021
synth-0081,synth-0017,2021
synth-0081,synth-0027,2021
synth-0081,synth-0036,2021
synth-0081,synth-0045,2021
synth-0081,synth-0051,2021
synth-0081,synth-0075,2021
synth-0081,synth-0721,2021
synth-0081,synth-0851,2021
synth-0082,synth-0744,2016
synth-0083,synth-0003,2023
synth-0083,synth-0007,2023
synth-0083,synth-0009,2023
synth-0083,synth-0028,2023
synth-0083,synth-0036,2023
synth-0083,synth-0039,2023
synth-0083,synth-0064,2023
synth-0083,synth-0086,2023
synth-0083,synth-0356,2023
synth-0083,synth-0715,2023
synth-0083,synth-0793,2023
synth-0083,synth-0872,2023
synth-0083,synth-0881,2023
synth-0083,synth-0925,2023
synth-0084,synth-0005,2017
synth-0084,synth-0013,2017
synth-0084,synth-0050,2017
synth-0085,synth-0018,2020
synth-0085,synth-0074,2020
synth-0085,synth-0285,2020
synth-0085,synth-0751,2020
synth-0085,synth-0909,2020
synth-0086,synth-0011,2018
synth-0086,synth-0038,2018
synth-0086,synth-0082,2018
synth-0086,synth-0114,2018
synth-0086,synth-0816,2018
synth-0086,synth-0847,2018
synth-0087,synth-0013,2018
synth-0087,synth-0050,2018
synth-0087,synth-0215,2018
synth-0088,synth-0008,2024
synth-0088,synth-0013,2024
synth-0088,synth-0021,2024
synth-0088,synth-0023,2024
synth-0088,synth-0027,2024
synth-0088,synth-0036,2024
synth-0088,synth-0039,2024
synth-0088,synth-0043,2024
synth-0088,synth-0046,2024
synth-0088,synth-0060,2024
synth-0088,synth-0067,2024
synth-0088,synth-0084,2024
synth-0088,synth-0757,2024
synth-0088,synth-0799,2024
synth-0088,synth-0804,2024
synth-0088,synth-0819,2024
synth-0088,synth-0849,2024
synth-0089,synth-0016,2022
synth-0089,synth-0018,2022
synth-0089,synth-0022,2022
synth-0089,synth-0042,2022
synth-0089,synth-0051,2022
synth-0089,synth-0057,2022
synth-0089,synth-0061,2022
synth-0089,synth-0065,2022
synth-0089,synth-0074,2022
synth-0089,synth-0081,2022
synth-0089,synth-0157,2022
synth-0089,synth-0312,2022
synth-0089,synth-0332,2022
synth-0089,synth-0354,2022
synth-0089,synth-0356,2022
synth-0089,synth-0873,2022
synth-0090,synth-0010,2024
synth-0090,synth-0013,2024
synth-0090,synth-0019,2024
synth-0090,synth-0021,2024
synth-0090,synth-0023,2024
synth-0090,synth-0024,2024
synth-0090,synth-0043,2024
synth-0090,synth-0044,2024
synth-0090,synth-0049,2024
synth-0090,synth-0053,2024
synth-0090,synth-0296,2024
synth-0090,synth-0544,2024
synth-0090,synth-0735,2024
synth-0090,synth-0923,2024
synth-0090,synth-0925,2024
synth-0091,synth-0100,2018
synth-0091,synth-0124,2018
synth-0091,synth-0154,2018
synth-0091,synth-0161,2018
synth-0091,synth-0178,2018
synth-0091,synth-0873,2018
synth-0092,synth-0096,2020
synth-0092,synth-0102,2020
synth-0092,synth-0112,2020
synth-0092,synth-0134,2020
synth-0092,synth-0156,2020
synth-0092,synth-0157,2020
synth-0092,synth-0294,2020
synth-0092,synth-0461,2020
synth-0092,synth-0778,2020
synth-0093,synth-0098,2021
synth-0093,synth-0099,2021
synth-0093,synth-0113,2021
synth-0093,synth-0118,2021
synth-0093,synth-0121,2021
synth-0093,synth-0123,2021
synth-0093,synth-0128,2021
synth-0093,synth-0162,2021
synth-0093,synth-0176,2021
synth-0093,synth-0180,2021
synth-0093,synth-0372,2021
synth-0093,synth-0873,2021
synth-0094,synth-0109,2022
synth-0094,synth-0112,2022
synth-0094,synth-0118,2022
synth-0094,synth-0124,2022
synth-0094,synth-0134,2022
synth-0094,synth-0136,2022
synth-0094,synth-0147,2022
synth-0094,synth-0163,2022
synth-0094,synth-0165,2022
synth-0094,synth-0168,2022
synth-0094,synth-0170,2022
synth-0094,synth-0737,2022
synth-0094,synth-0788,2022
synth-0094,synth-0792,2022
synth-0095,synth-0099,2018
synth-0095,synth-0114,2018
synth-0095,synth-0162,2018
synth-0095,synth-0824,2018
synth-0096,synth-0276,2016
synth-0096,synth-0571,2016
synth-0097,synth-0118,2024
synth-0097,synth-0131,2024
synth-0097,synth-0167,2024
synth-0097,synth-0326,2024
synth-0097,synth-0764,2024
synth-0097,synth-0875,2024
synth-0098,synth-0091,2020
synth-0098,synth-0114,2020
synth-0098,synth-0124,2020
synth-0098,synth-0168,2020
synth-0100,synth-0328,2017
synth-0100,synth-0348,2017
synth-0101,synth-0099,2017
synth-0101,synth-0176,2017
synth-0101,synth-0816,2017
synth-0102,synth-0114,2017
synth-0102,synth-0130,2017
synth-0102,synth-0142,2017
synth-0102,synth-0156,2017
synth-0102,synth-0165,2017
synth-0102,synth-0176,2017
synth-0102,synth-0180,2017
synth-0102,synth-0827,2017
synth-0103,synth-0109,2019
synth-0103,synth-0869,2019
synth-0104,synth-0102,2017
synth-0104,synth-0109,2017
synth-0104,synth-0129,2017
synth-0104,synth-0176,2017
synth-0105,synth-0104,2020
synth-0105,synth-0348,2020
synth-0105,synth-0350,2020
synth-0106,synth-0100,2022
synth-0106,synth-0104,2022
synth-0106,synth-0110,2022
synth-0106,synth-0125,2022
synth-0106,synth-0130,2022
synth-0106,synth-0134,2022
synth-0106,synth-0147,2022
synth-0106,synth-0150,2022
synth-0106,synth-0167,2022
synth-0106,synth-0223,2022
synth-0106,synth-0272,2022
synth-0106,synth-0826,2022
synth-0106,synth-0867,2022
synth-0106,synth-0875,2022
synth-0106,synth-0910,2022
synth-0107,synth-0091,2024
synth-0107,synth-0092,2024
synth-0107,synth-0103,2024
synth-0107,synth-0112,2024
synth-0107,synth-0113,2024
synth-0107,synth-0114,2024
synth-0107,synth-0123,2024
synth-0107,synth-0131,2024
synth-0107,synth-0141,2024
synth-0107,synth-0146,2024
synth-0107,synth-0147,2024
synth-0107,synth-0148,2024
synth-0107,synth-0160,2024
synth-0107,synth-0162,2024
synth-0107,synth-0165,2024
synth-0107,synth-0179,2024
synth-0107,synth-0275,2024
synth-0107,synth-0738,2024
synth-0107,synth-0739,2024
synth-0107,synth-0786,2024
synth-0108,synth-0096,2019
synth-0108,synth-0104,2019
synth-0108,synth-0110,2019
synth-0108,synth-0162,2019
synth-0108,synth-0166,2019
synth-0109,synth-0162,2017
synth-0109,synth-0775,2017
synth-0110,synth-0104,2019
synth-0110,synth-0109,2019
synth-0110,synth-0120,2019
synth-0110,synth-0130,2019
synth-0110,synth-0135,2019
synth-0110,synth-0154,2019
synth-0110,synth-0162,2019
synth-0110,synth-0165,2019
synth-0110,synth-0176,2019
synth-0111,synth-0104,2023
synth-0111,synth-0112,2023
synth-0111,synth-0138,2023
synth-0111,synth-0150,2023
synth-0111,synth-0155,2023
synth-0111,synth-0166,2023
synth-0111,synth-0177,2023
synth-0111,synth-0277,2023
synth-0111,synth-0410,2023
synth-0111,synth-0740,2023
synth-0111,synth-0777,2023
synth-0111,synth-0814,2023
synth-0111,synth-0837,2023
synth-0111,synth-0839,2023
synth-0111,synth-0924,2023
synth-0112,synth-0135,2016
synth-0113,synth-0166,2019
synth-0113,synth-0173,2019
synth-0114,synth-0100,2017
synth-0114,synth-0112,2017
synth-0114,synth-0124,2017
synth-0114,synth-0129,2017
synth-0114,synth-0135,2017
synth-0114,synth-0161,2017
synth-0114,synth-0178,2017
synth-0115,synth-0093,2023
synth-0115,synth-0100,2023
synth-0115,synth-0110,2023
synth-0115,synth-0118,2023
synth-0115,synth-0119,2023
synth-0115,synth-0139,2023
synth-0115,synth-0144,2023
synth-0115,synth-0152,2023
synth-0115,synth-0160,2023
synth-0115,synth-0168,2023
synth-0115,synth-0286,2023
synth-0115,synth-0842,2023
synth-0115,synth-0906,2023
synth-0116,synth-0106,2023
synth-0116,synth-0113,2023
synth-0116,synth-0123,2023
synth-0116,synth-0138,2023
synth-0116,synth-0148,2023
synth-0116,synth-0154,2023
synth-0116,synth-0158,2023
synth-0116,synth-0163,2023
synth-0116,synth-0180,2023
synth-0116,synth-0752,2023
synth-0116,synth-0792,2023
synth-0116,synth-0809,2023
synth-0116,synth-0900,2023
synth-0117,synth-0112,2024
synth-0117,synth-0133,2024
synth-0117,synth-0158,2024
synth-0117,synth-0738,2024
synth-0117,synth-0770,2024
synth-0118,synth-0100,2021
synth-0118,synth-0103,2021
synth-0118,synth-0161,2021
synth-0118,synth-0165,2021
synth-0118,synth-0166,2021
synth-0118,synth-0223,2021
synth-0118,synth-0483,2021
synth-0118,synth-0731,2021
synth-0118,synth-0738,2021
synth-0118,synth-0767,2021
synth-0118,synth-0776,2021
synth-0118,synth-0778,2021
synth-0118,synth-0789,2021
synth-0119,synth-0094,2023
synth-0119,synth-0103,2023
synth-0119,synth-0105,2023
synth-0119,synth-0118,2023
synth-0119,synth-0124,2023
synth-0119,synth-0151,2023
synth-0119,synth-0165,2023
synth-0119,synth-0172,2023
synth-0119,synth-0176,2023
synth-0119,synth-0184,2023
synth-0119,synth-0293,2023
synth-0119,synth-0302,2023
synth-0119,synth-0723,2023
synth-0119,synth-0726,2023
synth-0119,synth-0851,2023
synth-0119,synth-0926,2023
synth-0120,synth-0168,2018
synth-0120,synth-0170,2018
synth-0121,synth-0029,2021
synth-0121,synth-0095,2021
synth-0121,synth-0168,2021
synth-0121,synth-0173,2021
synth-0121,synth-0282,2021
synth-0121,synth-0355,2021
synth-0121,synth-0705,2021
synth-0121,synth-0776,2021
synth-0121,synth-0792,2021
synth-0122,synth-0027,2023
synth-0122,synth-0101,2023
synth-0122,synth-0106,2023
synth-0122,synth-0116,2023
synth-0122,synth-0119,2023
synth-0122,synth-0129,2023
synth-0122,synth-0141,2023
synth-0122,synth-0149,2023
synth-0122,synth-0166,2023
synth-0122,synth-0168,2023
synth-0122,synth-0250,2023
synth-0122,synth-0278,2023
synth-0122,synth-0347,2023
synth-0123,synth-0104,2021
synth-0123,synth-0145,2021
synth-0123,synth-0156,2021
synth-0123,synth-0157,2021
synth-0123,synth-0523,2021
synth-0123,synth-0822,2021
synth-0123,synth-0924,2021
synth-0124,synth-0869,2016
synth-0125,synth-0092,2022
synth-0125,synth-0096,2022
synth-0125,synth-0099,2022
synth-0125,synth-0120,2022
synth-0125,synth-0132,2022
synth-0125,synth-0134,2022
synth-0125,synth-0176,2022
synth-0126,synth-0100,2024
synth-0126,synth-0102,2024
synth-0126,synth-0128,2024
synth-0126,synth-0131,2024
synth-0126,synth-0138,2024
synth-0126,synth-0142,2024
synth-0126,synth-0158,2024
synth-0126,synth-0177,2024
synth-0126,synth-0725,2024
synth-0126,synth-0785,2024
synth-0126,synth-0887,2024
synth-0126,synth-0898,2024
synth-0126,synth-0916,2024
synth-0127,synth-0098,2023
synth-0127,synth-0102,2023
synth-0127,synth-0105,2023
synth-0127,synth-0134,2023
synth-0127,synth-0136,2023
synth-0127,synth-0137,2023
synth-0127,synth-0144,2023
synth-0127,synth-0159,2023
synth-0127,synth-0162,2023
synth-0127,synth-0170,2023
synth-0127,synth-0176,2023
synth-0127,synth-0299,2023
synth-0127,synth-0908,2023
synth-0127,synth-0918,2023
synth-0128,synth-0101,2021
synth-0128,synth-0110,2021
synth-0128,synth-0180,2021
synth-0128,synth-0880,2021
synth-0128,synth-0895,2021
synth-0129,synth-0102,2017
synth-0129,synth-0112,2017
synth-0129,synth-0142,2017
synth-0129,synth-0161,2017
synth-0129,synth-0822,2017
synth-0130,synth-0114,2017
synth-0130,synth-0565,2017
synth-0131,synth-0100,2024
synth-0131,synth-0109,2024
synth-0131,synth-0114,2024
synth-0131,synth-0125,2024
synth-0131,synth-0127,2024
synth-0131,synth-0155,2024
synth-0131,synth-0156,2024
synth-0131,synth-0158,2024
synth-0131,synth-0165,2024
synth-0131,synth-0166,2024
synth-0131,synth-0173,2024
synth-0131,synth-0298,2024
synth-0131,synth-0344,2024
synth-0131,synth-0534,2024
synth-0131,synth-0906,2024
synth-0132,synth-0102,2020
synth-0132,synth-0103,2020
synth-0132,synth-0156,2020
synth-0132,synth-0332,2020
synth-0133,synth-0120,2021
synth-0133,synth-0121,2021
synth-0133,synth-0136,2021
synth-0133,synth-0145,2021
synth-0133,synth-0162,2021
synth-0133,synth-0168,2021
synth-0133,synth-0173,2021
synth-0133,synth-0301,2021
synth-0133,synth-0878,2021
synth-0134,synth-0109,2018
synth-0134,synth-0180,2018
synth-0136,synth-0101,2020
synth-0136,synth-0108,2020
synth-0136,synth-0110,2020
synth-0136,synth-0138,2020
synth-0136,synth-0170,2020
synth-0136,synth-0908,2020
synth-0136,synth-0918,2020
synth-0137,synth-0109,2017
synth-0137,synth-0156,2017
synth-0137,synth-0162,2017
synth-0138,synth-0671,2018
synth-0139,synth-0130,2023
synth-0139,synth-0141,2023
synth-0139,synth-0158,2023
synth-0139,synth-0161,2023
synth-0139,synth-0168,2023
synth-0139,synth-0175,2023
synth-0139,synth-0179,2023
synth-0139,synth-0293,2023
synth-0139,synth-0648,2023
synth-0139,synth-0699,2023
synth-0139,synth-0741,2023
synth-0139,synth-0875,2023
synth-0139,synth-0887,2023
synth-0140,synth-0096,2023
synth-0140,synth-0110,2023
synth-0140,synth-0121,2023
synth-0140,synth-0128,2023
synth-0140,synth-0147,2023
synth-0140,synth-0151,2023
synth-0140,synth-0160,2023
synth-0140,synth-0166,2023
synth-0140,synth-0168,2023
synth-0140,synth-0765,2023
synth-0140,synth-0769,2023
synth-0140,synth-0910,2023
synth-0140,synth-0926,2023
synth-0141,synth-0332,2018
synth-0141,synth-0752,2018
synth-0142,synth-0101,2017
synth-0142,synth-0124,2017
synth-0142,synth-0129,2017
synth-0142,synth-0137,2017
synth-0142,synth-0462,2017
synth-0142,synth-0784,2017
synth-0142,synth-0830,2017
synth-0143,synth-0092,2023
synth-0143,synth-0094,2023
synth-0143,synth-0110,2023
synth-0143,synth-0111,2023
synth-0143,synth-0132,2023
synth-0143,synth-0166,2023
synth-0143,synth-0170,2023
synth-0143,synth-0172,2023
synth-0143,synth-0729,2023
synth-0143,synth-0758,2023
synth-0143,synth-0838,2023
synth-0143,synth-0862,2023
synth-0143,synth-0863,2023
synth-0143,synth-0892,2023
synth-0144,synth-0109,2020
synth-0144,synth-0110,2020
synth-0144,synth-0134,2020
synth-0144,synth-0138,2020
synth-0144,synth-0177,2020
synth-0144,synth-0756,2020
synth-0144,synth-0847,2020
synth-0144,synth-0881,2020
synth-0145,synth-0092,2021
synth-0145,synth-0114,2021
synth-0145,synth-0134,2021
synth-0145,synth-0167,2021
synth-0145,synth-0765,2021
synth-0145,synth-0918,2021
synth-0146,synth-0095,2024
synth-0146,synth-0103,2024
synth-0146,synth-0108,2024
synth-0146,synth-0112,2024
synth-0146,synth-0124,2024
synth-0146,synth-0129,2024
synth-0146,synth-0130,2024
synth-0146,synth-0144,2024
synth-0146,synth-0151,2024
synth-0146,synth-0166,2024
synth-0146,synth-0257,2024
synth-0146,synth-0618,2024
synth-0146,synth-0623,2024
synth-0146,synth-0740,2024
synth-0146,synth-0766,2024
synth-0146,synth-0902,2024
synth-0146,synth-0918,2024
synth-0146,synth-0926,2024
synth-0147,synth-0093,2022
synth-0147,synth-0103,2022
synth-0147,synth-0118,2022
synth-0147,synth-0133,2022
synth-0147,synth-0137,2022
synth-0147,synth-0148,2022
synth-0147,synth-0156,2022
synth-0147,synth-0167,2022
synth-0147,synth-0551,2022
synth-0147,synth-0818,2022
synth-0147,synth-0895,2022
synth-0148,synth-0137,2019
synth-0148,synth-0772,2019
synth-0149,synth-0125,2022
synth-0149,synth-0273,2022
synth-0149,synth-0347,2022
synth-0149,synth-0736,2022
synth-0150,synth-0091,2021
synth-0150,synth-0118,2021
synth-0150,synth-0137,2021
synth-0151,synth-0029,2022
synth-0151,synth-0108,2022
synth-0151,synth-0121,2022
synth-0151,synth-0124,2022
synth-0151,synth-0125,2022
synth-0151,synth-0147,2022
synth-0151,synth-0163,2022
synth-0151,synth-0168,2022
synth-0151,synth-0170,2022
synth-0151,synth-0177,2022
synth-0151,synth-0389,2022
synth-0151,synth-0820,2022
synth-0151,synth-0878,2022
synth-0151,synth-0888,2022
synth-0152,synth-0103,2023
synth-0152,synth-0119,2023
synth-0152,synth-0135,2023
synth-0152,synth-0139,2023
synth-0152,synth-0141,2023
synth-0152,synth-0156,2023
synth-0152,synth-0170,2023
synth-0152,synth-0175,2023
synth-0152,synth-0274,2023
synth-0152,synth-0344,2023
synth-0152,synth-0732,2023
synth-0153,synth-0094,2024
synth-0153,synth-0099,2024
synth-0153,synth-0101,2024
synth-0153,synth-0104,2024
synth-0153,synth-0109,2024
synth-0153,synth-0115,2024
synth-0153,synth-0126,2024
synth-0153,synth-0160,2024
synth-0153,synth-0282,2024
synth-0153,synth-0761,2024
synth-0153,synth-0771,2024
synth-0154,synth-0104,2018
synth-0154,synth-0615,2018
synth-0154,synth-0851,2018
synth-0155,synth-0113,2020
synth-0155,synth-0172,2020
synth-0155,synth-0176,2020
synth-0155,synth-0180,2020
synth-0155,synth-0282,2020
synth-0155,synth-0311,2020
synth-0155,synth-0518,2020
synth-0156,synth-0299,2016
synth-0157,synth-0142,2020
synth-0157,synth-0166,2020
synth-0157,synth-0810,2020
synth-0157,synth-0851,2020
synth-0157,synth-0918,2020
synth-0158,synth-0103,2022
synth-0158,synth-0118,2022
synth-0158,synth-0134,2022
synth-0158,synth-0151,2022
synth-0158,synth-0157,2022
synth-0158,synth-0506,2022
synth-0158,synth-0818,2022
synth-0158,synth-0918,2022
synth-0159,synth-0103,2022
synth-0159,synth-0124,2022
synth-0159,synth-0128,2022
synth-0159,synth-0142,2022
synth-0159,synth-0144,2022
synth-0159,synth-0148,2022
synth-0159,synth-0168,2022
synth-0159,synth-0171,2022
synth-0159,synth-0345,2022
synth-0159,synth-0881,2022
synth-0160,synth-0110,2022
synth-0160,synth-0130,2022
synth-0160,synth-0132,2022
synth-0160,synth-0133,2022
synth-0160,synth-0145,2022
synth-0160,synth-0168,2022
synth-0160,synth-0725,2022
synth-0160,synth-0822,2022
synth-0160,synth-0924,2022
synth-0161,synth-0104,2017
synth-0161,synth-0165,2017
synth-0161,synth-0168,2017
synth-0161,synth-0180,2017
synth-0161,synth-0781,2017
synth-0162,synth-0104,2017
synth-0162,synth-0156,2017
synth-0162,synth-0180,2017
synth-0162,synth-0862,2017
synth-0163,synth-0095,2022
synth-0163,synth-0105,2022
synth-0163,synth-0106,2022
synth-0163,synth-0108,2022
synth-0163,synth-0132,2022
synth-0163,synth-0135,2022
synth-0163,synth-0170,2022
synth-0163,synth-0171,2022
synth-0163,synth-0195,2022
synth-0163,synth-0297,2022
synth-0163,synth-0751,2022
synth-0164,synth-0106,2024
synth-0164,synth-0108,2024
synth-0164,synth-0123,2024
synth-0164,synth-0137,2024
synth-0164,synth-0150,2024
synth-0164,synth-0155,2024
synth-0164,synth-0160,2024
synth-0164,synth-0170,2024
synth-0164,synth-0273,2024
synth-0164,synth-0285,2024
synth-0164,synth-0289,2024
synth-0164,synth-0528,2024
synth-0164,synth-0737,2024
synth-0164,synth-0781,2024
synth-0165,synth-0096,2017
synth-0165,synth-0101,2017
synth-0165,synth-0492,2017
synth-0165,synth-0767,2017
synth-0165,synth-0772,2017
synth-0165,synth-0887,2017
synth-0166,synth-0101,2019
synth-0166,synth-0124,2019
synth-0166,synth-0141,2019
synth-0166,synth-0670,2019
synth-0166,synth-0795,2019
synth-0166,synth-0862,2019
synth-0166,synth-0918,2019
synth-0167,synth-0091,2020
synth-0167,synth-0108,2020
synth-0167,synth-0168,2020
synth-0167,synth-0301,2020
synth-0167,synth-0804,2020
synth-0167,synth-0876,2020
synth-0168,synth-0101,2017
synth-0168,synth-0114,2017
synth-0168,synth-0178,2017
synth-0168,synth-0274,2017
synth-0169,synth-0097,2024
synth-0169,synth-0118,2024
synth-0169,synth-0136,2024
synth-0169,synth-0139,2024
synth-0169,synth-0145,2024
synth-0169,synth-0152,2024
synth-0169,synth-0155,2024
synth-0169,synth-0307,2024
synth-0169,synth-0757,2024
synth-0169,synth-0834,2024
synth-0169,synth-0875,2024
synth-0169,synth-0908,2024
synth-0170,synth-0137,2017
synth-0171,synth-0094,2022
synth-0171,synth-0129,2022
synth-0171,synth-0132,2022
synth-0171,synth-0178,2022
synth-0171,synth-0267,2022
synth-0171,synth-0301,2022
synth-0171,synth-0302,2022
synth-0171,synth-0647,2022
synth-0171,synth-0773,2022
synth-0171,synth-0893,2022
synth-0171,synth-0898,2022
synth-0171,synth-0924,2022
synth-0172,synth-0134,2019
synth-0172,synth-0137,2019
synth-0172,synth-0142,2019
synth-0172,synth-0154,2019
synth-0172,synth-0173,2019
synth-0172,synth-0222,2019
synth-0172,synth-0787,2019
synth-0172,synth-0906,2019
synth-0173,synth-0148,2019
synth-0173,synth-0154,2019
synth-0173,synth-0180,2019
synth-0173,synth-0233,2019
synth-0173,synth-0832,2019
synth-0174,synth-0102,2024
synth-0174,synth-0110,2024
synth-0174,synth-0115,2024
synth-0174,synth-0124,2024
synth-0174,synth-0125,2024
synth-0174,synth-0155,2024
synth-0174,synth-0157,2024
synth-0174,synth-0159,2024
synth-0174,synth-0172,2024
synth-0174,synth-0179,2024
synth-0174,synth-0250,2024
synth-0174,synth-0275,2024
synth-0174,synth-0346,2024
synth-0174,synth-0831,2024
synth-0174,synth-0918,2024
synth-0175,synth-0096,2023
synth-0175,synth-0101,2023
synth-0175,synth-0112,2023
synth-0175,synth-0137,2023
synth-0175,synth-0139,2023
synth-0175,synth-0150,2023
synth-0175,synth-0165,2023
synth-0175,synth-0283,2023
synth-0175,synth-0767,2023
synth-0175,synth-0829,2023
synth-0175,synth-0926,2023
synth-0176,synth-0135,2017
synth-0176,synth-0170,2017
synth-0176,synth-0682,2017
synth-0177,synth-0091,2018
synth-0177,synth-0102,2018
synth-0177,synth-0114,2018
synth-0177,synth-0124,2018
synth-0177,synth-0137,2018
synth-0177,synth-0156,2018
synth-0177,synth-0168,2018
synth-0177,synth-0178,2018
synth-0177,synth-0348,2018
synth-0177,synth-0399,2018
synth-0177,synth-0733,2018
synth-0178,synth-0124,2016
synth-0178,synth-0226,2016
synth-0179,synth-0092,2023
synth-0179,synth-0096,2023
synth-0179,synth-0101,2023
synth-0179,synth-0111,2023
synth-0179,synth-0114,2023
synth-0179,synth-0147,2023
synth-0179,synth-0157,2023
synth-0179,synth-0158,2023
synth-0179,synth-0306,2023
synth-0179,synth-0723,2023
synth-0179,synth-0798,2023
synth-0179,synth-0898,2023
synth-0180,synth-0096,2017
synth-0180,synth-0142,2017
synth-0180,synth-0168,2017
synth-0180,synth-0839,2017
synth-0181,synth-0039,2022
synth-0181,synth-0191,2022
synth-0181,synth-0202,2022
synth-0181,synth-0223,2022
synth-0181,synth-0234,2022
synth-0181,synth-0238,2022
synth-0181,synth-0242,2022
synth-0181,synth-0244,2022
synth-0181,synth-0758,2022
synth-0181,synth-0762,2022
synth-0181,synth-0881,2022
synth-0182,synth-0181,2022
synth-0182,synth-0192,2022
synth-0182,synth-0195,2022
synth-0182,synth-0198,2022
synth-0182,synth-0205,2022
synth-0182,synth-0221,2022
synth-0182,synth-0222,2022
synth-0182,synth-0227,2022
synth-0182,synth-0267,2022
synth-0182,synth-0268,2022
synth-0182,synth-0920,2022
synth-0183,synth-0188,2018
synth-0183,synth-0228,2018
synth-0183,synth-0231,2018
synth-0183,synth-0245,2018
synth-0183,synth-0261,2018
synth-0183,synth-0354,2018
synth-0183,synth-0483,2018
synth-0183,synth-0721,2018
synth-0184,synth-0255,2019
synth-0184,synth-0267,2019
synth-0184,synth-0284,2019
synth-0184,synth-0724,2019
synth-0184,synth-0830,2019
synth-0184,synth-0866,2019
synth-0185,synth-0182,2023
synth-0185,synth-0194,2023
synth-0185,synth-0213,2023
synth-0185,synth-0218,2023
synth-0185,synth-0241,2023
synth-0185,synth-0260,2023
synth-0185,synth-0278,2023
synth-0185,synth-0279,2023
synth-0185,synth-0287,2023
synth-0185,synth-0322,2023
synth-0185,synth-0624,2023
synth-0185,synth-0751,2023
synth-0185,synth-0758,2023
synth-0185,synth-0764,2023
synth-0185,synth-0805,2023
synth-0185,synth-0810,2023
synth-0185,synth-0834,2023
synth-0185,synth-0856,2023
synth-0186,synth-0198,2020
synth-0186,synth-0201,2020
synth-0186,synth-0216,2020
synth-0186,synth-0847,2020
synth-0186,synth-0873,2020
synth-0187,synth-0209,2019
synth-0187,synth-0231,2019
synth-0187,synth-0263,2019
synth-0187,synth-0269,2019
synth-0187,synth-0802,2019
synth-0187,synth-0806,2019
synth-0188,synth-0201,2018
synth-0188,synth-0208,2018
synth-0188,synth-0254,2018
synth-0188,synth-0393,2018
synth-0188,synth-0871,2018
synth-0189,synth-0308,2017
synth-0190,synth-0213,2017
synth-0190,synth-0231,2017
synth-0191,synth-0208,2019
synth-0191,synth-0223,2019
synth-0191,synth-0245,2019
synth-0191,synth-0254,2019
synth-0191,synth-0261,2019
synth-0191,synth-0265,2019
synth-0191,synth-0727,2019
synth-0192,synth-0208,2021
synth-0192,synth-0222,2021
synth-0192,synth-0226,2021
synth-0192,synth-0233,2021
synth-0192,synth-0272,2021
synth-0192,synth-0919,2021
synth-0193,synth-0194,2023
synth-0193,synth-0196,2023
synth-0193,synth-0218,2023
synth-0193,synth-0219,2023
synth-0193,synth-0263,2023
synth-0193,synth-0588,2023
synth-0193,synth-0735,2023
synth-0193,synth-0744,2023
synth-0193,synth-0763,2023
synth-0193,synth-0814,2023
synth-0194,synth-0223,2020
synth-0194,synth-0250,2020
synth-0194,synth-0255,2020
synth-0194,synth-0257,2020
synth-0194,synth-0328,2020
synth-0194,synth-0832,2020
synth-0194,synth-0880,2020
synth-0194,synth-0919,2020
synth-0195,synth-0168,2019
synth-0195,synth-0196,2019
synth-0195,synth-0228,2019
synth-0195,synth-0250,2019
synth-0195,synth-0774,2019
synth-0196,synth-0205,2019
synth-0196,synth-0331,2019
synth-0197,synth-0067,2016
synth-0197,synth-0209,2016
synth-0198,synth-0188,2018
synth-0198,synth-0201,2018
synth-0198,synth-0214,2018
synth-0198,synth-0222,2018
synth-0198,synth-0265,2018
synth-0198,synth-0570,2018
synth-0198,synth-0744,2018
synth-0199,synth-0204,2022
synth-0199,synth-0206,2022
synth-0199,synth-0216,2022
synth-0199,synth-0259,2022
synth-0199,synth-0265,2022
synth-0199,synth-0820,2022
synth-0199,synth-0821,2022
synth-0200,synth-0193,2024
synth-0200,synth-0195,2024
synth-0200,synth-0202,2024
synth-0200,synth-0233,2024
synth-0200,synth-0238,2024
synth-0200,synth-0247,2024
synth-0200,synth-0270,2024
synth-0200,synth-0311,2024
synth-0200,synth-0517,2024
synth-0200,synth-0674,2024
synth-0200,synth-0727,2024
synth-0200,synth-0848,2024
synth-0200,synth-0919,2024
synth-0200,synth-0927,2024
synth-0201,synth-0246,2017
synth-0202,synth-0184,2019
synth-0202,synth-0187,2019
synth-0202,synth-0222,2019
synth-0202,synth-0226,2019
synth-0202,synth-0244,2019
synth-0202,synth-0245,2019
synth-0202,synth-0737,2019
synth-0203,synth-0207,2020
synth-0203,synth-0226,2020
synth-0203,synth-0245,2020
synth-0203,synth-0830,2020
synth-0204,synth-0194,2021
synth-0204,synth-0201,2021
synth-0204,synth-0213,2021
synth-0204,synth-0226,2021
synth-0204,synth-0231,2021
synth-0204,synth-0247,2021
synth-0204,synth-0782,2021
synth-0205,synth-0223,2016
synth-0206,synth-0197,2016
synth-0206,synth-0227,2016
synth-0206,synth-0230,2016
synth-0207,synth-0189,2018
synth-0207,synth-0190,2018
synth-0207,synth-0220,2018
synth-0207,synth-0244,2018
synth-0208,synth-0257,2018
synth-0208,synth-0265,2018
synth-0209,synth-0197,2016
synth-0209,synth-0247,2016
synth-0210,synth-0222,2024
synth-0210,synth-0234,2024
synth-0210,synth-0237,2024
synth-0210,synth-0238,2024
synth-0210,synth-0244,2024
synth-0210,synth-0250,2024
synth-0210,synth-0260,2024
synth-0210,synth-0270,2024
synth-0210,synth-0283,2024
synth-0210,synth-0746,2024
synth-0210,synth-0911,2024
synth-0211,synth-0182,2024
synth-0211,synth-0186,2024
synth-0211,synth-0205,2024
synth-0211,synth-0213,2024
synth-0211,synth-0221,2024
synth-0211,synth-0233,2024
synth-0211,synth-0245,2024
synth-0211,synth-0259,2024
synth-0211,synth-0300,2024
synth-0211,synth-0327,2024
synth-0211,synth-0330,2024
synth-0211,synth-0335,2024
synth-0211,synth-0443,2024
synth-0212,synth-0188,2024
synth-0212,synth-0189,2024
synth-0212,synth-0196,2024
synth-0212,synth-0216,2024
synth-0212,synth-0228,2024
synth-0212,synth-0235,2024
synth-0212,synth-0237,2024
synth-0212,synth-0246,2024
synth-0212,synth-0264,2024
synth-0212,synth-0265,2024
synth-0212,synth-0299,2024
synth-0212,synth-0380,2024
synth-0212,synth-0800,2024
synth-0212,synth-0809,2024
synth-0212,synth-0911,2024
synth-0212,synth-0919,2024
synth-0212,synth-0927,2024
synth-0213,synth-0197,2016
synth-0213,synth-0206,2016
synth-0213,synth-0216,2016
synth-0213,synth-0733,2016
synth-0214,synth-0205,2018
synth-0214,synth-0215,2018
synth-0214,synth-0216,2018
synth-0214,synth-0231,2018
synth-0214,synth-0233,2018
synth-0215,synth-0188,2018
synth-0215,synth-0206,2018
synth-0215,synth-0209,2018
synth-0215,synth-0222,2018
synth-0215,synth-0223,2018
synth-0215,synth-0257,2018
synth-0215,synth-0261,2018
synth-0215,synth-0265,2018
synth-0215,synth-0276,2018
synth-0216,synth-0524,2016
synth-0217,synth-0191,2023
synth-0217,synth-0201,2023
synth-0217,synth-0203,2023
synth-0217,synth-0220,2023
synth-0217,synth-0240,2023
synth-0217,synth-0246,2023
synth-0217,synth-0248,2023
synth-0217,synth-0253,2023
synth-0217,synth-0267,2023
synth-0217,synth-0707,2023
synth-0217,synth-0812,2023
synth-0217,synth-0911,2023
synth-0218,synth-0202,2019
synth-0218,synth-0205,2019
synth-0218,synth-0228,2019
synth-0218,synth-0269,2019
synth-0218,synth-0325,2019
synth-0219,synth-0189,2019
synth-0219,synth-0214,2019
synth-0219,synth-0223,2019
synth-0219,synth-0354,2019
synth-0219,synth-0868,2019
synth-0220,synth-0245,2018
synth-0220,synth-0355,2018
synth-0220,synth-0752,2018
synth-0220,synth-0880,2018
synth-0221,synth-0182,2022
synth-0221,synth-0183,2022
synth-0221,synth-0197,2022
synth-0221,synth-0206,2022
synth-0221,synth-0222,2022
synth-0221,synth-0237,2022
synth-0221,synth-0247,2022
synth-0221,synth-0270,2022
synth-0221,synth-0893,2022
synth-0222,synth-0341,2018
synth-0224,synth-0226,2019
synth-0224,synth-0230,2019
synth-0224,synth-0234,2019
synth-0224,synth-0244,2019
synth-0224,synth-0255,2019
synth-0224,synth-0265,2019
synth-0224,synth-0332,2019
synth-0224,synth-0813,2019
synth-0225,synth-0190,2024
synth-0225,synth-0197,2024
synth-0225,synth-0206,2024
synth-0225,synth-0207,2024
synth-0225,synth-0210,2024
synth-0225,synth-0218,2024
synth-0225,synth-0227,2024
synth-0225,synth-0241,2024
synth-0225,synth-0243,2024
synth-0225,synth-0253,2024
synth-0225,synth-0263,2024
synth-0225,synth-0270,2024
synth-0225,synth-0822,2024
synth-0225,synth-0919,2024
synth-0227,synth-0863,2016
synth-0228,synth-0190,2017
synth-0228,synth-0205,2017
synth-0228,synth-0209,2017
synth-0228,synth-0246,2017
synth-0228,synth-0364,2017
synth-0229,synth-0184,2022
synth-0229,synth-0214,2022
synth-0229,synth-0222,2022
synth-0229,synth-0227,2022
synth-0229,synth-0231,2022
synth-0229,synth-0252,2022
synth-0229,synth-0259,2022
synth-0229,synth-0268,2022
synth-0229,synth-0301,2022
synth-0229,synth-0328,2022
synth-0229,synth-0799,2022
synth-0229,synth-0878,2022
synth-0230,synth-0299,2016
synth-0231,synth-0190,2017
synth-0231,synth-0223,2017
synth-0231,synth-0254,2017
synth-0231,synth-0767,2017
synth-0231,synth-0775,2017
synth-0232,synth-0181,2024
synth-0232,synth-0187,2024
synth-0232,synth-0199,2024
synth-0232,synth-0202,2024
synth-0232,synth-0212,2024
synth-0232,synth-0213,2024
synth-0232,synth-0227,2024
synth-0232,synth-0261,2024
synth-0232,synth-0265,2024
synth-0232,synth-0267,2024
synth-0232,synth-0269,2024
synth-0232,synth-0335,2024
synth-0232,synth-0763,2024
synth-0232,synth-0823,2024
synth-0232,synth-0879,2024
synth-0232,synth-0888,2024
synth-0233,synth-0209,2018
synth-0233,synth-0215,2018
synth-0233,synth-0220,2018
synth-0233,synth-0223,2018
synth-0233,synth-0240,2018
synth-0233,synth-0747,2018
synth-0233,synth-0772,2018
synth-0233,synth-0810,2018
synth-0234,synth-0184,2019
synth-0234,synth-0196,2019
synth-0234,synth-0201,2019
synth-0234,synth-0220,2019
synth-0234,synth-0223,2019
synth-0234,synth-0224,2019
synth-0234,synth-0257,2019
synth-0235,synth-0195,2021
synth-0235,synth-0227,2021
synth-0235,synth-0283,2021
synth-0235,synth-0297,2021
synth-0235,synth-0814,2021
synth-0236,synth-0185,2024
synth-0236,synth-0187,2024
synth-0236,synth-0205,2024
synth-0236,synth-0227,2024
synth-0236,synth-0230,2024
synth-0236,synth-0265,2024
synth-0236,synth-0270,2024
synth-0236,synth-0294,2024
synth-0236,synth-0333,2024
synth-0236,synth-0433,2024
synth-0237,synth-0184,2021
synth-0237,synth-0198,2021
synth-0237,synth-0224,2021
synth-0237,synth-0241,2021
synth-0237,synth-0263,2021
synth-0237,synth-0919,2021
synth-0237,synth-0925,2021
synth-0238,synth-0061,2022
synth-0238,synth-0190,2022
synth-0238,synth-0194,2022
synth-0238,synth-0198,2022
synth-0238,synth-0203,2022
synth-0238,synth-0204,2022
synth-0238,synth-0213,2022
synth-0238,synth-0235,2022
synth-0238,synth-0381,2022
synth-0238,synth-0767,2022
synth-0238,synth-0881,2022
synth-0238,synth-0918,2022
synth-0239,synth-0052,2022
synth-0239,synth-0184,2022
synth-0239,synth-0186,2022
synth-0239,synth-0187,2022
synth-0239,synth-0195,2022
synth-0239,synth-0203,2022
synth-0239,synth-0245,2022
synth-0239,synth-0263,2022
synth-0239,synth-0380,2022
synth-0239,synth-0815,2022
synth-0240,synth-0189,2018
synth-0240,synth-0257,2018
synth-0240,synth-0812,2018
synth-0241,synth-0240,2020
synth-0241,synth-0244,2020
synth-0241,synth-0262,2020
synth-0241,synth-0314,2020
synth-0241,synth-0728,2020
synth-0241,synth-0857,2020
synth-0242,synth-0181,2022
synth-0242,synth-0184,2022
synth-0242,synth-0196,2022
synth-0242,synth-0208,2022
synth-0242,synth-0213,2022
synth-0242,synth-0233,2022
synth-0242,synth-0237,2022
synth-0242,synth-0265,2022
synth-0242,synth-0305,2022
synth-0242,synth-0331,2022
synth-0243,synth-0183,2024
synth-0243,synth-0205,2024
synth-0243,synth-0209,2024
synth-0243,synth-0217,2024
synth-0243,synth-0219,2024
synth-0243,synth-0250,2024
synth-0243,synth-0253,2024
synth-0243,synth-0254,2024
synth-0243,synth-0528,2024
synth-0243,synth-0721,2024
synth-0243,synth-0745,2024
synth-0243,synth-0880,2024
synth-0243,synth-0911,2024
synth-0245,synth-0240,2018
synth-0245,synth-0831,2018
synth-0245,synth-0871,2018
synth-0246,synth-0201,2017
synth-0246,synth-0205,2017
synth-0246,synth-0213,2017
synth-0246,synth-0216,2017
synth-0246,synth-0231,2017
synth-0246,synth-0299,2017
synth-0247,synth-0205,2016
synth-0247,synth-0226,2016
synth-0247,synth-0230,2016
synth-0248,synth-0194,2023
synth-0248,synth-0205,2023
synth-0248,synth-0206,2023
synth-0248,synth-0223,2023
synth-0248,synth-0229,2023
synth-0248,synth-0247,2023
synth-0248,synth-0260,2023
synth-0248,synth-0268,2023
synth-0248,synth-0296,2023
synth-0248,synth-0347,2023
synth-0249,synth-0187,2024
synth-0249,synth-0194,2024
synth-0249,synth-0212,2024
synth-0249,synth-0215,2024
synth-0249,synth-0231,2024
synth-0249,synth-0232,2024
synth-0249,synth-0237,2024
synth-0249,synth-0240,2024
synth-0249,synth-0262,2024
synth-0249,synth-0264,2024
synth-0249,synth-0331,2024
synth-0249,synth-0690,2024
synth-0249,synth-0735,2024
synth-0249,synth-0837,2024
synth-0250,synth-0189,2017
synth-0250,synth-0227,2017
synth-0250,synth-0863,2017
synth-0250,synth-0871,2017
synth-0250,synth-0873,2017
synth-0251,synth-0195,2020
synth-0251,synth-0227,2020
synth-0251,synth-0230,2020
synth-0251,synth-0234,2020
synth-0251,synth-0240,2020
synth-0251,synth-0255,2020
synth-0251,synth-0476,2020
synth-0251,synth-0538,2020
synth-0251,synth-0602,2020
synth-0251,synth-0871,2020
synth-0252,synth-0176,2022
synth-0252,synth-0198,2022
synth-0252,synth-0220,2022
synth-0252,synth-0222,2022
synth-0252,synth-0239,2022
synth-0252,synth-0255,2022
synth-0252,synth-0273,2022
synth-0252,synth-0348,2022
synth-0252,synth-0632,2022
synth-0252,synth-0760,2022
synth-0253,synth-0188,2021
synth-0253,synth-0215,2021
synth-0253,synth-0226,2021
synth-0253,synth-0255,2021
synth-0253,synth-0260,2021
synth-0253,synth-0341,2021
synth-0253,synth-0368,2021
synth-0253,synth-0919,2021
synth-0254,synth-0226,2016
synth-0255,synth-0184,2019
synth-0255,synth-0189,2019
synth-0255,synth-0207,2019
synth-0255,synth-0218,2019
synth-0255,synth-0230,2019
synth-0255,synth-0257,2019
synth-0255,synth-0355,2019
synth-0256,synth-0058,2024
synth-0256,synth-0225,2024
synth-0256,synth-0229,2024
synth-0256,synth-0241,2024
synth-0256,synth-0246,2024
synth-0256,synth-0247,2024
synth-0256,synth-0254,2024
synth-0256,synth-0261,2024
synth-0256,synth-0269,2024
synth-0256,synth-0302,2024
synth-0256,synth-0831,2024
synth-0256,synth-0911,2024
synth-0257,synth-0198,2018
synth-0257,synth-0223,2018
synth-0258,synth-0112,2022
synth-0258,synth-0197,2022
synth-0258,synth-0204,2022
synth-0258,synth-0205,2022
synth-0258,synth-0207,2022
synth-0258,synth-0208,2022
synth-0258,synth-0240,2022
synth-0258,synth-0242,2022
synth-0258,synth-0253,2022
synth-0258,synth-0255,2022
synth-0258,synth-0259,2022
synth-0258,synth-0895,2022
synth-0259,synth-0186,2021
synth-0259,synth-0216,2021
synth-0259,synth-0220,2021
synth-0259,synth-0245,2021
synth-0259,synth-0250,2021
synth-0259,synth-0255,2021
synth-0259,synth-0261,2021
synth-0259,synth-0263,2021
synth-0259,synth-0283,2021
synth-0259,synth-0322,2021
synth-0260,synth-0186,2021
synth-0260,synth-0187,2021
synth-0260,synth-0189,2021
synth-0260,synth-0191,2021
synth-0260,synth-0228,2021
synth-0260,synth-0261,2021
synth-0260,synth-0338,2021
synth-0260,synth-0707,2021
synth-0261,synth-0257,2018
synth-0261,synth-0299,2018
synth-0261,synth-0687,2018
synth-0261,synth-0810,2018
synth-0262,synth-0233,2020
synth-0262,synth-0245,2020
synth-0262,synth-0301,2020
synth-0262,synth-0456,2020
synth-0262,synth-0721,2020
synth-0263,synth-0190,2017
synth-0263,synth-0216,2017
synth-0263,synth-0223,2017
synth-0263,synth-0228,2017
synth-0263,synth-0741,2017
synth-0263,synth-0827,2017
synth-0264,synth-0186,2024
synth-0264,synth-0202,2024
synth-0264,synth-0215,2024
synth-0264,synth-0221,2024
synth-0264,synth-0222,2024
synth-0264,synth-0224,2024
synth-0264,synth-0229,2024
synth-0264,synth-0230,2024
synth-0264,synth-0240,2024
synth-0264,synth-0243,2024
synth-0264,synth-0244,2024
synth-0264,synth-0257,2024
synth-0264,synth-0267,2024
synth-0264,synth-0276,2024
synth-0264,synth-0331,2024
synth-0264,synth-0896,2024
synth-0265,synth-0197,2016
synth-0265,synth-0247,2016
synth-0266,synth-0185,2024
synth-0266,synth-0193,2024
synth-0266,synth-0194,2024
synth-0266,synth-0197,2024
synth-0266,synth-0202,2024
synth-0266,synth-0211,2024
synth-0266,synth-0223,2024
synth-0266,synth-0233,2024
synth-0266,synth-0249,2024
synth-0266,synth-0255,2024
synth-0266,synth-0264,2024
synth-0266,synth-0302,2024
synth-0266,synth-0310,2024
synth-0266,synth-0919,2024
synth-0267,synth-0008,2019
synth-0267,synth-0215,2019
synth-0267,synth-0228,2019
synth-0267,synth-0230,2019
synth-0267,synth-0245,2019
synth-0267,synth-0257,2019
synth-0267,synth-0781,2019
synth-0268,synth-0191,2022
synth-0268,synth-0203,2022
synth-0268,synth-0207,2022
synth-0268,synth-0220,2022
synth-0268,synth-0228,2022
synth-0268,synth-0234,2022
synth-0268,synth-0242,2022
synth-0268,synth-0876,2022
synth-0269,synth-0197,2017
synth-0269,synth-0205,2017
synth-0269,synth-0206,2017
synth-0269,synth-0227,2017
synth-0269,synth-0871,2017
synth-0270,synth-0182,2022
synth-0270,synth-0183,2022
synth-0270,synth-0199,2022
synth-0270,synth-0207,2022
synth-0270,synth-0222,2022
synth-0270,synth-0230,2022
synth-0270,synth-0241,2022
synth-0270,synth-0268,2022
synth-0270,synth-0341,2022
synth-0270,synth-0815,2022
synth-0270,synth-0919,2022
synth-0271,synth-0209,2023
synth-0271,synth-0253,2023
synth-0271,synth-0272,2023
synth-0271,synth-0284,2023
synth-0271,synth-0300,2023
synth-0271,synth-0327,2023
synth-0271,synth-0338,2023
synth-0271,synth-0345,2023
synth-0271,synth-0369,2023
synth-0271,synth-0381,2023
synth-0271,synth-0538,2023
synth-0271,synth-0923,2023
synth-0272,synth-0057,2021
synth-0272,synth-0077,2021
synth-0272,synth-0112,2021
synth-0272,synth-0276,2021
synth-0272,synth-0285,2021
synth-0272,synth-0287,2021
synth-0272,synth-0303,2021
synth-0272,synth-0331,2021
synth-0272,synth-0338,2021
synth-0272,synth-0364,2021
synth-0272,synth-0402,2021
synth-0272,synth-0459,2021
synth-0272,synth-0690,2021
synth-0273,synth-0012,2022
synth-0273,synth-0049,2022
synth-0273,synth-0171,2022
synth-0273,synth-0184,2022
synth-0273,synth-0228,2022
synth-0273,synth-0265,2022
synth-0273,synth-0274,2022
synth-0273,synth-0321,2022
synth-0273,synth-0327,2022
synth-0273,synth-0334,2022
synth-0273,synth-0348,2022
synth-0274,synth-0100,2017
synth-0274,synth-0280,2017
synth-0274,synth-0314,2017
synth-0274,synth-0332,2017
synth-0274,synth-0345,2017
synth-0274,synth-0351,2017
synth-0275,synth-0034,2024
synth-0275,synth-0147,2024
synth-0275,synth-0284,2024
synth-0275,synth-0295,2024
synth-0275,synth-0307,2024
synth-0275,synth-0321,2024
synth-0275,synth-0322,2024
synth-0275,synth-0324,2024
synth-0275,synth-0363,2024
synth-0275,synth-0499,2024
synth-0275,synth-0584,2024
synth-0275,synth-0874,2024
synth-0276,synth-0096,2016
synth-0276,synth-0287,2016
synth-0277,synth-0003,2020
synth-0277,synth-0055,2020
synth-0277,synth-0195,2020
synth-0277,synth-0207,2020
synth-0277,synth-0294,2020
synth-0277,synth-0303,2020
synth-0277,synth-0314,2020
synth-0277,synth-0331,2020
synth-0278,synth-0106,2023
synth-0278,synth-0272,2023
synth-0278,synth-0285,2023
synth-0278,synth-0287,2023
synth-0278,synth-0301,2023
synth-0278,synth-0315,2023
synth-0278,synth-0321,2023
synth-0278,synth-0328,2023
synth-0278,synth-0332,2023
synth-0278,synth-0341,2023
synth-0279,synth-0094,2022
synth-0279,synth-0181,2022
synth-0279,synth-0202,2022
synth-0279,synth-0224,2022
synth-0279,synth-0272,2022
synth-0279,synth-0285,2022
synth-0279,synth-0287,2022
synth-0279,synth-0294,2022
synth-0279,synth-0325,2022
synth-0279,synth-0331,2022
synth-0279,synth-0334,2022
synth-0279,synth-0338,2022
synth-0279,synth-0340,2022
synth-0279,synth-0347,2022
synth-0279,synth-0356,2022
synth-0279,synth-0442,2022
synth-0279,synth-0506,2022
synth-0279,synth-0708,2022
synth-0280,synth-0512,2016
synth-0281,synth-0198,2023
synth-0281,synth-0262,2023
synth-0281,synth-0284,2023
synth-0281,synth-0287,2023
synth-0281,synth-0299,2023
synth-0281,synth-0306,2023
synth-0281,synth-0320,2023
synth-0281,synth-0322,2023
synth-0281,synth-0331,2023
synth-0281,synth-0334,2023
synth-0281,synth-0347,2023
synth-0281,synth-0354,2023
synth-0281,synth-0358,2023
synth-0281,synth-0536,2023
synth-0281,synth-0912,2023
synth-0282,synth-0008,2019
synth-0282,synth-0015,2019
synth-0282,synth-0219,2019
synth-0282,synth-0284,2019
synth-0282,synth-0318,2019
synth-0282,synth-0379,2019
synth-0282,synth-0538,2019
synth-0284,synth-0308,2017
synth-0284,synth-0318,2017
synth-0284,synth-0331,2017
synth-0284,synth-0524,2017
synth-0285,synth-0016,2020
synth-0285,synth-0085,2020
synth-0285,synth-0161,2020
synth-0285,synth-0198,2020
synth-0285,synth-0312,2020
synth-0285,synth-0317,2020
synth-0285,synth-0344,2020
synth-0285,synth-0370,2020
synth-0285,synth-0419,2020
synth-0285,synth-0569,2020
synth-0285,synth-0787,2020
synth-0286,synth-0276,2016
synth-0286,synth-0289,2016
synth-0288,synth-0265,2019
synth-0288,synth-0478,2019
synth-0288,synth-0481,2019
synth-0289,synth-0299,2016
synth-0289,synth-0530,2016
synth-0290,synth-0158,2024
synth-0290,synth-0199,2024
synth-0290,synth-0284,2024
synth-0290,synth-0313,2024
synth-0290,synth-0316,2024
synth-0290,synth-0324,2024
synth-0290,synth-0342,2024
synth-0290,synth-0407,2024
synth-0290,synth-0463,2024
synth-0290,synth-0920,2024
synth-0290,synth-0925,2024
synth-0291,synth-0024,2024
synth-0291,synth-0126,2024
synth-0291,synth-0187,2024
synth-0291,synth-0276,2024
synth-0291,synth-0281,2024
synth-0291,synth-0289,2024
synth-0291,synth-0305,2024
synth-0291,synth-0308,2024
synth-0291,synth-0327,2024
synth-0291,synth-0335,2024
synth-0291,synth-0347,2024
synth-0291,synth-0351,2024
synth-0291,synth-0404,2024
synth-0291,synth-0525,2024
synth-0292,synth-0233,2023
synth-0292,synth-0273,2023
synth-0292,synth-0302,2023
synth-0292,synth-0305,2023
synth-0292,synth-0308,2023
synth-0292,synth-0319,2023
synth-0292,synth-0324,2023
synth-0292,synth-0333,2023
synth-0292,synth-0337,2023
synth-0292,synth-0341,2023
synth-0292,synth-0344,2023
synth-0292,synth-0368,2023
synth-0292,synth-0404,2023
synth-0292,synth-0430,2023
synth-0292,synth-0521,2023
synth-0293,synth-0098,2023
synth-0293,synth-0315,2023
synth-0293,synth-0327,2023
synth-0293,synth-0329,2023
synth-0293,synth-0332,2023
synth-0293,synth-0334,2023
synth-0293,synth-0356,2023
synth-0293,synth-0429,2023
synth-0293,synth-0445,2023
synth-0293,synth-0489,2023
synth-0293,synth-0505,2023
synth-0293,synth-0901,2023
synth-0293,synth-0928,2023
synth-0294,synth-0168,2017
synth-0294,synth-0314,2017
synth-0294,synth-0348,2017
synth-0295,synth-0065,2020
synth-0295,synth-0282,2020
synth-0295,synth-0509,2020
synth-0295,synth-0887,2020
synth-0295,synth-0909,2020
synth-0296,synth-0086,2021
synth-0296,synth-0123,2021
synth-0296,synth-0274,2021
synth-0296,synth-0286,2021
synth-0296,synth-0344,2021
synth-0296,synth-0374,2021
synth-0296,synth-0393,2021
synth-0296,synth-0448,2021
synth-0296,synth-0472,2021
synth-0297,synth-0118,2021
synth-0297,synth-0168,2021
synth-0297,synth-0283,2021
synth-0297,synth-0301,2021
synth-0297,synth-0322,2021
synth-0297,synth-0348,2021
synth-0297,synth-0355,2021
synth-0297,synth-0500,2021
synth-0297,synth-0527,2021
synth-0298,synth-0085,2022
synth-0298,synth-0103,2022
synth-0298,synth-0285,2022
synth-0298,synth-0297,2022
synth-0298,synth-0301,2022
synth-0298,synth-0312,2022
synth-0298,synth-0321,2022
synth-0298,synth-0383,2022
synth-0299,synth-0280,2016
synth-0299,synth-0287,2016
synth-0300,synth-0071,2022
synth-0300,synth-0277,2022
synth-0300,synth-0295,2022
synth-0300,synth-0298,2022
synth-0300,synth-0301,2022
synth-0300,synth-0308,2022
synth-0300,synth-0321,2022
synth-0300,synth-0370,2022
synth-0300,synth-0385,2022
synth-0300,synth-0468,2022
synth-0300,synth-0489,2022
synth-0300,synth-0496,2022
synth-0301,synth-0030,2020
synth-0301,synth-0276,2020
synth-0301,synth-0311,2020
synth-0301,synth-0312,2020
synth-0301,synth-0317,2020
synth-0301,synth-0337,2020
synth-0301,synth-0344,2020
synth-0301,synth-0351,2020
synth-0301,synth-0355,2020
synth-0301,synth-0360,2020
synth-0301,synth-0450,2020
synth-0302,synth-0273,2022
synth-0302,synth-0309,2022
synth-0302,synth-0317,2022
synth-0302,synth-0328,2022
synth-0302,synth-0341,2022
synth-0302,synth-0505,2022
synth-0302,synth-0912,2022
synth-0303,synth-0283,2016
synth-0303,synth-0299,2016
synth-0303,synth-0355,2016
synth-0304,synth-0196,2024
synth-0304,synth-0274,2024
synth-0304,synth-0282,2024
synth-0304,synth-0286,2024
synth-0304,synth-0305,2024
synth-0304,synth-0323,2024
synth-0304,synth-0325,2024
synth-0304,synth-0335,2024
synth-0304,synth-0349,2024
synth-0304,synth-0508,2024
synth-0305,synth-0004,2020
synth-0305,synth-0045,2020
synth-0305,synth-0285,2020
synth-0305,synth-0301,2020
synth-0305,synth-0308,2020
synth-0305,synth-0354,2020
synth-0305,synth-0487,2020
synth-0305,synth-0876,2020
synth-0306,synth-0183,2023
synth-0306,synth-0203,2023
synth-0306,synth-0287,2023
synth-0306,synth-0296,2023
synth-0306,synth-0315,2023
synth-0306,synth-0318,2023
synth-0306,synth-0320,2023
synth-0306,synth-0322,2023
synth-0306,synth-0331,2023
synth-0306,synth-0334,2023
synth-0306,synth-0361,2023
synth-0306,synth-0444,2023
synth-0307,synth-0027,2021
synth-0307,synth-0071,2021
synth-0307,synth-0141,2021
synth-0307,synth-0231,2021
synth-0307,synth-0272,2021
synth-0307,synth-0282,2021
synth-0307,synth-0297,2021
synth-0307,synth-0324,2021
synth-0307,synth-0328,2021
synth-0307,synth-0337,2021
synth-0307,synth-0356,2021
synth-0307,synth-0361,2021
synth-0308,synth-0283,2016
synth-0308,synth-0328,2016
synth-0309,synth-0294,2022
synth-0309,synth-0296,2022
synth-0309,synth-0320,2022
synth-0309,synth-0326,2022
synth-0309,synth-0346,2022
synth-0309,synth-0451,2022
synth-0309,synth-0550,2022
synth-0310,synth-0034,2021
synth-0310,synth-0121,2021
synth-0310,synth-0156,2021
synth-0310,synth-0157,2021
synth-0310,synth-0203,2021
synth-0310,synth-0272,2021
synth-0310,synth-0326,2021
synth-0310,synth-0343,2021
synth-0310,synth-0359,2021
synth-0310,synth-0393,2021
synth-0310,synth-0417,2021
synth-0311,synth-0084,2018
synth-0311,synth-0087,2018
synth-0311,synth-0178,2018
synth-0311,synth-0183,2018
synth-0311,synth-0299,2018
synth-0311,synth-0308,2018
synth-0311,synth-0331,2018
synth-0311,synth-0347,2018
synth-0311,synth-0448,2018
synth-0312,synth-0178,2019
synth-0312,synth-0240,2019
synth-0312,synth-0303,2019
synth-0312,synth-0524,2019
synth-0313,synth-0264,2024
synth-0313,synth-0295,2024
synth-0313,synth-0305,2024
synth-0313,synth-0323,2024
synth-0313,synth-0329,2024
synth-0313,synth-0340,2024
synth-0313,synth-0343,2024
synth-0313,synth-0359,2024
synth-0313,synth-0440,2024
synth-0313,synth-0502,2024
synth-0313,synth-0586,2024
synth-0313,synth-0912,2024
synth-0314,synth-0205,2016
synth-0314,synth-0280,2016
synth-0314,synth-0286,2016
synth-0314,synth-0289,2016
synth-0314,synth-0299,2016
synth-0315,synth-0048,2022
synth-0315,synth-0208,2022
synth-0315,synth-0221,2022
synth-0315,synth-0299,2022
synth-0315,synth-0312,2022
synth-0315,synth-0319,2022
synth-0315,synth-0334,2022
synth-0315,synth-0356,2022
synth-0315,synth-0359,2022
synth-0315,synth-0497,2022
synth-0315,synth-0506,2022
synth-0316,synth-0041,2024
synth-0316,synth-0275,2024
synth-0316,synth-0289,2024
synth-0316,synth-0291,2024
synth-0316,synth-0292,2024
synth-0316,synth-0303,2024
synth-0316,synth-0306,2024
synth-0316,synth-0310,2024
synth-0316,synth-0325,2024
synth-0316,synth-0339,2024
synth-0316,synth-0415,2024
synth-0316,synth-0427,2024
synth-0316,synth-0864,2024
synth-0316,synth-0920,2024
synth-0317,synth-0314,2020
synth-0317,synth-0328,2020
synth-0317,synth-0347,2020
synth-0317,synth-0355,2020
synth-0317,synth-0440,2020
synth-0317,synth-0512,2020
synth-0317,synth-0786,2020
synth-0317,synth-0920,2020
synth-0318,synth-0284,2017
synth-0318,synth-0294,2017
synth-0318,synth-0345,2017
synth-0318,synth-0445,2017
synth-0318,synth-0839,2017
synth-0319,synth-0011,2020
synth-0319,synth-0226,2020
synth-0319,synth-0276,2020
synth-0319,synth-0277,2020
synth-0319,synth-0295,2020
synth-0319,synth-0312,2020
synth-0319,synth-0405,2020
synth-0319,synth-0447,2020
synth-0319,synth-0473,2020
synth-0319,synth-0517,2020
synth-0320,synth-0063,2019
synth-0320,synth-0100,2019
synth-0320,synth-0325,2019
synth-0320,synth-0341,2019
synth-0320,synth-0345,2019
synth-0321,synth-0074,2021
synth-0321,synth-0084,2021
synth-0321,synth-0285,2021
synth-0321,synth-0301,2021
synth-0321,synth-0337,2021
synth-0321,synth-0360,2021
synth-0321,synth-0398,2021
synth-0321,synth-0458,2021
synth-0321,synth-0477,2021
synth-0321,synth-0507,2021
synth-0322,synth-0118,2021
synth-0322,synth-0285,2021
synth-0322,synth-0296,2021
synth-0322,synth-0317,2021
synth-0322,synth-0338,2021
synth-0322,synth-0345,2021
synth-0322,synth-0415,2021
synth-0322,synth-0482,2021
synth-0322,synth-0925,2021
synth-0323,synth-0020,2024
synth-0323,synth-0023,2024
synth-0323,synth-0027,2024
synth-0323,synth-0152,2024
synth-0323,synth-0209,2024
synth-0323,synth-0272,2024
synth-0323,synth-0289,2024
synth-0323,synth-0411,2024
synth-0323,synth-0417,2024
synth-0324,synth-0085,2021
synth-0324,synth-0172,2021
synth-0324,synth-0297,2021
synth-0324,synth-0307,2021
synth-0324,synth-0335,2021
synth-0324,synth-0338,2021
synth-0324,synth-0356,2021
synth-0324,synth-0409,2021
synth-0324,synth-0458,2021
synth-0324,synth-0483,2021
synth-0324,synth-0718,2021
synth-0324,synth-0904,2021
synth-0324,synth-0920,2021
synth-0324,synth-0925,2021
synth-0325,synth-0318,2019
synth-0325,synth-0348,2019
synth-0326,synth-0288,2019
synth-0326,synth-0318,2019
synth-0326,synth-0354,2019
synth-0326,synth-0355,2019
synth-0326,synth-0411,2019
synth-0327,synth-0253,2022
synth-0327,synth-0289,2022
synth-0327,synth-0298,2022
synth-0327,synth-0299,2022
synth-0327,synth-0301,2022
synth-0327,synth-0319,2022
synth-0327,synth-0325,2022
synth-0327,synth-0351,2022
synth-0329,synth-0287,2021
synth-0329,synth-0308,2021
synth-0329,synth-0311,2021
synth-0329,synth-0318,2021
synth-0329,synth-0320,2021
synth-0329,synth-0324,2021
synth-0329,synth-0345,2021
synth-0329,synth-0448,2021
synth-0329,synth-0509,2021
synth-0329,synth-0624,2021
synth-0329,synth-0685,2021
synth-0329,synth-0788,2021
synth-0329,synth-0837,2021
synth-0330,synth-0188,2024
synth-0330,synth-0211,2024
synth-0330,synth-0217,2024
synth-0330,synth-0273,2024
synth-0330,synth-0284,2024
synth-0330,synth-0292,2024
synth-0330,synth-0301,2024
synth-0330,synth-0329,2024
synth-0330,synth-0349,2024
synth-0330,synth-0351,2024
synth-0330,synth-0352,2024
synth-0330,synth-0414,2024
synth-0330,synth-0473,2024
synth-0330,synth-0540,2024
synth-0331,synth-0124,2017
synth-0332,synth-0283,2017
synth-0332,synth-0328,2017
synth-0332,synth-0348,2017
synth-0332,synth-0351,2017
synth-0333,synth-0166,2023
synth-0333,synth-0227,2023
synth-0333,synth-0272,2023
synth-0333,synth-0274,2023
synth-0333,synth-0280,2023
synth-0333,synth-0305,2023
synth-0333,synth-0311,2023
synth-0333,synth-0336,2023
synth-0333,synth-0340,2023
synth-0333,synth-0362,2023
synth-0333,synth-0423,2023
synth-0333,synth-0740,2023
synth-0333,synth-0904,2023
synth-0333,synth-0928,2023
synth-0334,synth-0118,2021
synth-0334,synth-0274,2021
synth-0334,synth-0276,2021
synth-0334,synth-0280,2021
synth-0334,synth-0296,2021
synth-0334,synth-0308,2021
synth-0334,synth-0311,2021
synth-0334,synth-0331,2021
synth-0334,synth-0344,2021
synth-0334,synth-0347,2021
synth-0334,synth-0351,2021
synth-0334,synth-0360,2021
synth-0334,synth-0370,2021
synth-0334,synth-0466,2021
synth-0335,synth-0067,2021
synth-0335,synth-0267,2021
synth-0335,synth-0274,2021
synth-0335,synth-0276,2021
synth-0335,synth-0314,2021
synth-0335,synth-0338,2021
synth-0335,synth-0340,2021
synth-0335,synth-0347,2021
synth-0335,synth-0348,2021
synth-0335,synth-0920,2021
synth-0336,synth-0285,2022
synth-0336,synth-0307,2022
synth-0336,synth-0312,2022
synth-0336,synth-0326,2022
synth-0336,synth-0353,2022
synth-0336,synth-0361,2022
synth-0336,synth-0462,2022
synth-0336,synth-0490,2022
synth-0336,synth-0928,2022
synth-0337,synth-0087,2019
synth-0337,synth-0201,2019
synth-0337,synth-0218,2019
synth-0337,synth-0228,2019
synth-0337,synth-0320,2019
synth-0337,synth-0328,2019
synth-0337,synth-0331,2019
synth-0337,synth-0500,2019
synth-0337,synth-0530,2019
synth-0337,synth-0920,2019
synth-0338,synth-0037,2020
synth-0338,synth-0067,2020
synth-0338,synth-0120,2020
synth-0338,synth-0274,2020
synth-0338,synth-0277,2020
synth-0338,synth-0295,2020
synth-0338,synth-0331,2020
synth-0338,synth-0928,2020
synth-0339,synth-0010,2024
synth-0339,synth-0054,2024
synth-0339,synth-0275,2024
synth-0339,synth-0289,2024
synth-0339,synth-0291,2024
synth-0339,synth-0295,2024
synth-0339,synth-0296,2024
synth-0339,synth-0302,2024
synth-0339,synth-0314,2024
synth-0339,synth-0316,2024
synth-0339,synth-0331,2024
synth-0339,synth-0353,2024
synth-0339,synth-0380,2024
synth-0339,synth-0412,2024
synth-0339,synth-0576,2024
synth-0339,synth-0805,2024
synth-0340,synth-0274,2021
synth-0340,synth-0280,2021
synth-0340,synth-0283,2021
synth-0340,synth-0308,2021
synth-0340,synth-0322,2021
synth-0340,synth-0334,2021
synth-0340,synth-0347,2021
synth-0340,synth-0454,2021
synth-0340,synth-0456,2021
synth-0340,synth-0484,2021
synth-0341,synth-0099,2018
synth-0341,synth-0289,2018
synth-0342,synth-0183,2024
synth-0342,synth-0288,2024
synth-0342,synth-0292,2024
synth-0342,synth-0293,2024
synth-0342,synth-0298,2024
synth-0342,synth-0301,2024
synth-0342,synth-0310,2024
synth-0342,synth-0321,2024
synth-0342,synth-0322,2024
synth-0342,synth-0327,2024
synth-0342,synth-0338,2024
synth-0342,synth-0344,2024
synth-0342,synth-0346,2024
synth-0342,synth-0350,2024
synth-0342,synth-0354,2024
synth-0342,synth-0444,2024
synth-0342,synth-0492,2024
synth-0343,synth-0148,2020
synth-0343,synth-0222,2020
synth-0343,synth-0282,2020
synth-0343,synth-0303,2020
synth-0343,synth-0308,2020
synth-0343,synth-0319,2020
synth-0343,synth-0423,2020
synth-0343,synth-0463,2020
synth-0344,synth-0017,2019
synth-0344,synth-0288,2019
synth-0344,synth-0348,2019
synth-0345,synth-0332,2017
synth-0346,synth-0191,2022
synth-0346,synth-0224,2022
synth-0346,synth-0280,2022
synth-0346,synth-0326,2022
synth-0346,synth-0350,2022
synth-0346,synth-0351,2022
synth-0346,synth-0360,2022
synth-0346,synth-0459,2022
synth-0347,synth-0399,2016
synth-0348,synth-0038,2017
synth-0349,synth-0041,2024
synth-0349,synth-0123,2024
synth-0349,synth-0209,2024
synth-0349,synth-0277,2024
synth-0349,synth-0287,2024
synth-0349,synth-0295,2024
synth-0349,synth-0300,2024
synth-0349,synth-0313,2024
synth-0349,synth-0345,2024
synth-0349,synth-0356,2024
synth-0349,synth-0362,2024
synth-0349,synth-0364,2024
synth-0349,synth-0384,2024
synth-0349,synth-0405,2024
synth-0349,synth-0585,2024
synth-0350,synth-0255,2020
synth-0350,synth-0294,2020
synth-0350,synth-0312,2020
synth-0350,synth-0318,2020
synth-0350,synth-0368,2020
synth-0350,synth-0387,2020
synth-0350,synth-0418,2020
synth-0350,synth-0423,2020
synth-0350,synth-0480,2020
synth-0351,synth-0280,2016
synth-0351,synth-0308,2016
synth-0351,synth-0328,2016
synth-0351,synth-0447,2016
synth-0351,synth-0875,2016
synth-0352,synth-0130,2024
synth-0352,synth-0154,2024
synth-0352,synth-0196,2024
synth-0352,synth-0273,2024
synth-0352,synth-0285,2024
synth-0352,synth-0307,2024
synth-0352,synth-0310,2024
synth-0352,synth-0315,2024
synth-0352,synth-0318,2024
synth-0352,synth-0343,2024
synth-0352,synth-0365,2024
synth-0352,synth-0452,2024
synth-0353,synth-0072,2022
synth-0353,synth-0136,2022
synth-0353,synth-0223,2022
synth-0353,synth-0287,2022
synth-0353,synth-0312,2022
synth-0353,synth-0317,2022
synth-0353,synth-0324,2022
synth-0353,synth-0325,2022
synth-0353,synth-0341,2022
synth-0353,synth-0484,2022
synth-0354,synth-0156,2018
synth-0354,synth-0208,2018
synth-0354,synth-0308,2018
synth-0354,synth-0314,2018
synth-0354,synth-0328,2018
synth-0354,synth-0345,2018
synth-0354,synth-0442,2018
synth-0354,synth-0621,2018
synth-0356,synth-0289,2021
synth-0356,synth-0296,2021
synth-0356,synth-0297,2021
synth-0356,synth-0319,2021
synth-0356,synth-0321,2021
synth-0356,synth-0509,2021
synth-0356,synth-0652,2021
synth-0356,synth-0920,2021
synth-0357,synth-0020,2024
synth-0357,synth-0080,2024
synth-0357,synth-0081,2024
synth-0357,synth-0161,2024
synth-0357,synth-0190,2024
synth-0357,synth-0261,2024
synth-0357,synth-0276,2024
synth-0357,synth-0278,2024
synth-0357,synth-0306,2024
synth-0357,synth-0307,2024
synth-0357,synth-0321,2024
synth-0357,synth-0324,2024
synth-0357,synth-0333,2024
synth-0357,synth-0338,2024
synth-0357,synth-0340,2024
synth-0357,synth-0359,2024
synth-0357,synth-0634,2024
synth-0357,synth-0694,2024
synth-0357,synth-0912,2024
synth-0358,synth-0216,2023
synth-0358,synth-0283,2023
synth-0358,synth-0286,2023
synth-0358,synth-0315,2023
synth-0358,synth-0445,2023
synth-0358,synth-0892,2023
synth-0359,synth-0251,2020
synth-0359,synth-0284,2020
synth-0359,synth-0286,2020
synth-0359,synth-0312,2020
synth-0359,synth-0326,2020
synth-0359,synth-0350,2020
synth-0359,synth-0355,2020
synth-0359,synth-0818,2020
synth-0359,synth-0909,2020
synth-0360,synth-0003,2020
synth-0360,synth-0010,2020
synth-0360,synth-0130,2020
synth-0360,synth-0142,2020
synth-0360,synth-0267,2020
synth-0360,synth-0331,2020
synth-0360,synth-0332,2020
synth-0360,synth-0354,2020
synth-0360,synth-0364,2020
synth-0361,synth-0367,2017
synth-0361,synth-0410,2017
synth-0362,synth-0361,2020
synth-0362,synth-0368,2020
synth-0362,synth-0383,2020
synth-0362,synth-0399,2020
synth-0362,synth-0415,2020
synth-0362,synth-0434,2020
synth-0362,synth-0445,2020
synth-0362,synth-0566,2020
synth-0362,synth-0669,2020
synth-0363,synth-0272,2023
synth-0363,synth-0294,2023
synth-0363,synth-0309,2023
synth-0363,synth-0310,2023
synth-0363,synth-0328,2023
synth-0363,synth-0341,2023
synth-0363,synth-0370,2023
synth-0363,synth-0378,2023
synth-0363,synth-0381,2023
synth-0363,synth-0383,2023
synth-0363,synth-0389,2023
synth-0363,synth-0399,2023
synth-0363,synth-0406,2023
synth-0363,synth-0417,2023
synth-0363,synth-0427,2023
synth-0363,synth-0428,2023
synth-0363,synth-0448,2023
synth-0363,synth-0549,2023
synth-0363,synth-0568,2023
synth-0363,synth-0689,2023
synth-0364,synth-0361,2017
synth-0364,synth-0402,2017
synth-0364,synth-0410,2017
synth-0364,synth-0644,2017
synth-0365,synth-0348,2022
synth-0365,synth-0381,2022
synth-0365,synth-0399,2022
synth-0365,synth-0401,2022
synth-0365,synth-0402,2022
synth-0365,synth-0423,2022
synth-0365,synth-0434,2022
synth-0365,synth-0446,2022
synth-0365,synth-0450,2022
synth-0365,synth-0566,2022
synth-0366,synth-0361,2022
synth-0366,synth-0367,2022
synth-0366,synth-0368,2022
synth-0366,synth-0388,2022
synth-0366,synth-0409,2022
synth-0366,synth-0444,2022
synth-0366,synth-0644,2022
synth-0366,synth-0654,2022
synth-0367,synth-0364,2017
synth-0367,synth-0379,2017
synth-0367,synth-0402,2017
synth-0367,synth-0409,2017
synth-0367,synth-0445,2017
synth-0368,synth-0361,2018
synth-0368,synth-0399,2018
synth-0368,synth-0423,2018
synth-0368,synth-0693,2018
synth-0369,synth-0372,2023
synth-0369,synth-0378,2023
synth-0369,synth-0391,2023
synth-0369,synth-0393,2023
synth-0369,synth-0403,2023
synth-0369,synth-0406,2023
synth-0369,synth-0450,2023
synth-0369,synth-0550,2023
synth-0369,synth-0806,2023
synth-0370,synth-0355,2018
synth-0370,synth-0367,2018
synth-0370,synth-0372,2018
synth-0370,synth-0378,2018
synth-0370,synth-0440,2018
synth-0370,synth-0442,2018
synth-0371,synth-0366,2022
synth-0371,synth-0370,2022
synth-0371,synth-0376,2022
synth-0371,synth-0382,2022
synth-0371,synth-0395,2022
synth-0371,synth-0396,2022
synth-0371,synth-0416,2022
synth-0371,synth-0431,2022
synth-0371,synth-0440,2022
synth-0371,synth-0605,2022
synth-0371,synth-0659,2022
synth-0372,synth-0378,2017
synth-0372,synth-0442,2017
synth-0372,synth-0447,2017
synth-0372,synth-0450,2017
synth-0373,synth-0401,2018
synth-0373,synth-0423,2018
synth-0373,synth-0580,2018
synth-0373,synth-0581,2018
synth-0373,synth-0692,2018
synth-0374,synth-0135,2017
synth-0374,synth-0367,2017
synth-0374,synth-0379,2017
synth-0374,synth-0440,2017
synth-0374,synth-0570,2017
synth-0374,synth-0572,2017
synth-0375,synth-0366,2024
synth-0375,synth-0414,2024
synth-0375,synth-0439,2024
synth-0375,synth-0654,2024
synth-0375,synth-0664,2024
synth-0375,synth-0715,2024
synth-0375,synth-0718,2024
synth-0376,synth-0448,2019
synth-0376,synth-0720,2019
synth-0376,synth-0827,2019
synth-0377,synth-0274,2023
synth-0377,synth-0285,2023
synth-0377,synth-0317,2023
synth-0377,synth-0343,2023
synth-0377,synth-0348,2023
synth-0377,synth-0363,2023
synth-0377,synth-0371,2023
synth-0377,synth-0411,2023
synth-0377,synth-0428,2023
synth-0377,synth-0439,2023
synth-0377,synth-0450,2023
synth-0377,synth-0608,2023
synth-0378,synth-0372,2017
synth-0378,synth-0447,2017
synth-0378,synth-0491,2017
synth-0379,synth-0392,2016
synth-0379,synth-0409,2016
synth-0379,synth-0647,2016
synth-0380,synth-0367,2022
synth-0380,synth-0374,2022
synth-0380,synth-0400,2022
synth-0380,synth-0404,2022
synth-0380,synth-0411,2022
synth-0380,synth-0419,2022
synth-0380,synth-0432,2022
synth-0380,synth-0434,2022
synth-0380,synth-0442,2022
synth-0380,synth-0585,2022
synth-0380,synth-0632,2022
synth-0380,synth-0698,2022
synth-0381,synth-0370,2021
synth-0381,synth-0399,2021
synth-0381,synth-0403,2021
synth-0381,synth-0410,2021
synth-0381,synth-0415,2021
synth-0381,synth-0437,2021
synth-0381,synth-0541,2021
synth-0382,synth-0361,2021
synth-0382,synth-0362,2021
synth-0382,synth-0364,2021
synth-0382,synth-0372,2021
synth-0382,synth-0402,2021
synth-0382,synth-0412,2021
synth-0382,synth-0432,2021
synth-0382,synth-0441,2021
synth-0382,synth-0450,2021
synth-0382,synth-0677,2021
synth-0383,synth-0440,2019
synth-0383,synth-0756,2019
synth-0384,synth-0393,2018
synth-0384,synth-0401,2018
synth-0384,synth-0409,2018
synth-0384,synth-0686,2018
synth-0384,synth-0698,2018
synth-0385,synth-0029,2021
synth-0385,synth-0299,2021
synth-0385,synth-0384,2021
synth-0385,synth-0412,2021
synth-0385,synth-0437,2021
synth-0385,synth-0440,2021
synth-0385,synth-0445,2021
synth-0386,synth-0279,2022
synth-0386,synth-0319,2022
synth-0386,synth-0322,2022
synth-0386,synth-0393,2022
synth-0386,synth-0413,2022
synth-0386,synth-0438,2022
synth-0386,synth-0444,2022
synth-0386,synth-0541,2022
synth-0386,synth-0696,2022
synth-0387,synth-0132,2020
synth-0387,synth-0383,2020
synth-0387,synth-0418,2020
synth-0387,synth-0429,2020
synth-0387,synth-0430,2020
synth-0387,synth-0442,2020
synth-0387,synth-0445,2020
synth-0388,synth-0245,2019
synth-0388,synth-0299,2019
synth-0388,synth-0367,2019
synth-0388,synth-0368,2019
synth-0388,synth-0376,2019
synth-0388,synth-0411,2019
synth-0388,synth-0437,2019
synth-0388,synth-0681,2019
synth-0389,synth-0362,2021
synth-0389,synth-0378,2021
synth-0389,synth-0381,2021
synth-0389,synth-0396,2021
synth-0389,synth-0411,2021
synth-0389,synth-0423,2021
synth-0389,synth-0440,2021
synth-0389,synth-0450,2021
synth-0389,synth-0558,2021
synth-0389,synth-0566,2021
synth-0389,synth-0585,2021
synth-0389,synth-0596,2021
synth-0389,synth-0874,2021
synth-0390,synth-0231,2024
synth-0390,synth-0377,2024
synth-0390,synth-0386,2024
synth-0390,synth-0398,2024
synth-0390,synth-0419,2024
synth-0390,synth-0429,2024
synth-0390,synth-0433,2024
synth-0390,synth-0450,2024
synth-0390,synth-0655,2024
synth-0390,synth-0885,2024
synth-0390,synth-0921,2024
synth-0390,synth-0928,2024
synth-0391,synth-0298,2022
synth-0391,synth-0310,2022
synth-0391,synth-0379,2022
synth-0391,synth-0403,2022
synth-0391,synth-0416,2022
synth-0391,synth-0418,2022
synth-0391,synth-0614,2022
synth-0391,synth-0619,2022
synth-0392,synth-0565,2016
synth-0393,synth-0058,2018
synth-0393,synth-0318,2018
synth-0393,synth-0328,2018
synth-0393,synth-0440,2018
synth-0393,synth-0679,2018
synth-0394,synth-0203,2024
synth-0394,synth-0342,2024
synth-0394,synth-0361,2024
synth-0394,synth-0372,2024
synth-0394,synth-0379,2024
synth-0394,synth-0384,2024
synth-0394,synth-0407,2024
synth-0394,synth-0420,2024
synth-0394,synth-0436,2024
synth-0394,synth-0440,2024
synth-0394,synth-0441,2024
synth-0394,synth-0450,2024
synth-0394,synth-0594,2024
synth-0394,synth-0600,2024
synth-0394,synth-0655,2024
synth-0394,synth-0908,2024
synth-0395,synth-0042,2020
synth-0395,synth-0284,2020
synth-0395,synth-0361,2020
synth-0395,synth-0364,2020
synth-0395,synth-0372,2020
synth-0395,synth-0374,2020
synth-0395,synth-0447,2020
synth-0395,synth-0449,2020
synth-0396,synth-0364,2019
synth-0396,synth-0570,2019
synth-0396,synth-0615,2019
synth-0396,synth-0617,2019
synth-0396,synth-0673,2019
synth-0397,synth-0154,2023
synth-0397,synth-0365,2023
synth-0397,synth-0367,2023
synth-0397,synth-0368,2023
synth-0397,synth-0377,2023
synth-0397,synth-0381,2023
synth-0397,synth-0405,2023
synth-0397,synth-0437,2023
synth-0397,synth-0446,2023
synth-0397,synth-0541,2023
synth-0397,synth-0718,2023
synth-0398,synth-0331,2019
synth-0398,synth-0374,2019
synth-0398,synth-0378,2019
synth-0398,synth-0423,2019
synth-0398,synth-0699,2019
synth-0399,synth-0402,2016
synth-0400,synth-0286,2022
synth-0400,synth-0288,2022
synth-0400,synth-0361,2022
synth-0400,synth-0380,2022
synth-0400,synth-0404,2022
synth-0400,synth-0412,2022
synth-0400,synth-0416,2022
synth-0400,synth-0426,2022
synth-0400,synth-0444,2022
synth-0400,synth-0593,2022
synth-0400,synth-0634,2022
synth-0401,synth-0205,2016
synth-0401,synth-0392,2016
synth-0401,synth-0571,2016
synth-0402,synth-0565,2016
synth-0403,synth-0426,2016
synth-0403,synth-0447,2016
synth-0404,synth-0350,2020
synth-0404,synth-0383,2020
synth-0404,synth-0431,2020
synth-0404,synth-0445,2020
synth-0404,synth-0493,2020
synth-0405,synth-0361,2020
synth-0405,synth-0367,2020
synth-0405,synth-0374,2020
synth-0405,synth-0376,2020
synth-0405,synth-0429,2020
synth-0405,synth-0430,2020
synth-0405,synth-0438,2020
synth-0405,synth-0546,2020
synth-0405,synth-0668,2020
synth-0406,synth-0366,2023
synth-0406,synth-0387,2023
synth-0406,synth-0429,2023
synth-0406,synth-0437,2023
synth-0406,synth-0439,2023
synth-0406,synth-0446,2023
synth-0406,synth-0582,2023
synth-0406,synth-0607,2023
synth-0406,synth-0647,2023
synth-0406,synth-0672,2023
synth-0407,synth-0291,2024
synth-0407,synth-0361,2024
synth-0407,synth-0368,2024
synth-0407,synth-0384,2024
synth-0407,synth-0385,2024
synth-0407,synth-0408,2024
synth-0407,synth-0431,2024
synth-0407,synth-0446,2024
synth-0407,synth-0555,2024
synth-0407,synth-0912,2024
synth-0408,synth-0186,2024
synth-0408,synth-0312,2024
synth-0408,synth-0375,2024
synth-0408,synth-0381,2024
synth-0408,synth-0402,2024
synth-0408,synth-0413,2024
synth-0408,synth-0414,2024
synth-0408,synth-0416,2024
synth-0408,synth-0420,2024
synth-0408,synth-0423,2024
synth-0408,synth-0434,2024
synth-0408,synth-0445,2024
synth-0408,synth-0447,2024
synth-0408,synth-0580,2024
synth-0408,synth-0681,2024
synth-0408,synth-0913,2024
synth-0410,synth-0399,2016
synth-0410,synth-0402,2016
synth-0410,synth-0733,2016
synth-0411,synth-0426,2016
synth-0411,synth-0447,2016
synth-0411,synth-0448,2016
synth-0412,synth-0362,2021
synth-0412,synth-0364,2021
synth-0412,synth-0382,2021
synth-0412,synth-0389,2021
synth-0412,synth-0404,2021
synth-0412,synth-0405,2021
synth-0412,synth-0431,2021
synth-0412,synth-0440,2021
synth-0412,synth-0450,2021
synth-0412,synth-0592,2021
synth-0412,synth-0615,2021
synth-0412,synth-0928,2021
synth-0413,synth-0387,2022
synth-0413,synth-0430,2022
synth-0413,synth-0595,2022
synth-0413,synth-0632,2022
synth-0413,synth-0685,2022
synth-0413,synth-0690,2022
synth-0414,synth-0044,2024
synth-0414,synth-0060,2024
synth-0414,synth-0301,2024
synth-0414,synth-0360,2024
synth-0414,synth-0375,2024
synth-0414,synth-0380,2024
synth-0414,synth-0406,2024
synth-0414,synth-0408,2024
synth-0414,synth-0410,2024
synth-0414,synth-0420,2024
synth-0414,synth-0422,2024
synth-0414,synth-0442,2024
synth-0414,synth-0622,2024
synth-0414,synth-0677,2024
synth-0415,synth-0403,2019
synth-0416,synth-0370,2018
synth-0416,synth-0447,2018
synth-0416,synth-0448,2018
synth-0417,synth-0374,2021
synth-0417,synth-0379,2021
synth-0417,synth-0415,2021
synth-0417,synth-0442,2021
synth-0417,synth-0600,2021
synth-0417,synth-0629,2021
synth-0417,synth-0698,2021
synth-0418,synth-0409,2018
synth-0418,synth-0429,2018
synth-0418,synth-0562,2018
synth-0418,synth-0682,2018
synth-0418,synth-0782,2018
synth-0419,synth-0037,2017
synth-0419,synth-0402,2017
synth-0419,synth-0440,2017
synth-0420,synth-0164,2024
synth-0420,synth-0373,2024
synth-0420,synth-0379,2024
synth-0420,synth-0381,2024
synth-0420,synth-0382,2024
synth-0420,synth-0404,2024
synth-0420,synth-0410,2024
synth-0420,synth-0416,2024
synth-0420,synth-0424,2024
synth-0420,synth-0425,2024
synth-0420,synth-0434,2024
synth-0420,synth-0536,2024
synth-0420,synth-0543,2024
synth-0420,synth-0602,2024
synth-0420,synth-0655,2024
synth-0420,synth-0663,2024
synth-0420,synth-0750,2024
synth-0421,synth-0296,2024
synth-0421,synth-0354,2024
synth-0421,synth-0361,2024
synth-0421,synth-0372,2024
synth-0421,synth-0385,2024
synth-0421,synth-0411,2024
synth-0421,synth-0412,2024
synth-0421,synth-0420,2024
synth-0421,synth-0715,2024
synth-0421,synth-0921,2024
synth-0422,synth-0378,2023
synth-0422,synth-0395,2023
synth-0422,synth-0402,2023
synth-0422,synth-0410,2023
synth-0422,synth-0411,2023
synth-0422,synth-0413,2023
synth-0422,synth-0416,2023
synth-0422,synth-0418,2023
synth-0422,synth-0444,2023
synth-0422,synth-0602,2023
synth-0423,synth-0392,2016
synth-0423,synth-0399,2016
synth-0423,synth-0450,2016
synth-0424,synth-0209,2023
synth-0424,synth-0343,2023
synth-0424,synth-0369,2023
synth-0424,synth-0370,2023
synth-0424,synth-0381,2023
synth-0424,synth-0384,2023
synth-0424,synth-0386,2023
synth-0424,synth-0395,2023
synth-0424,synth-0399,2023
synth-0424,synth-0402,2023
synth-0424,synth-0423,2023
synth-0424,synth-0427,2023
synth-0424,synth-0433,2023
synth-0424,synth-0446,2023
synth-0425,synth-0025,2022
synth-0425,synth-0277,2022
synth-0425,synth-0367,2022
synth-0425,synth-0376,2022
synth-0425,synth-0385,2022
synth-0425,synth-0417,2022
synth-0425,synth-0418,2022
synth-0425,synth-0449,2022
synth-0425,synth-0617,2022
synth-0425,synth-0621,2022
synth-0425,synth-0677,2022
synth-0426,synth-0230,2016
synth-0426,synth-0379,2016
synth-0427,synth-0303,2023
synth-0427,synth-0361,2023
synth-0427,synth-0367,2023
synth-0427,synth-0368,2023
synth-0427,synth-0378,2023
synth-0427,synth-0389,2023
synth-0427,synth-0405,2023
synth-0427,synth-0413,2023
synth-0427,synth-0422,2023
synth-0427,synth-0450,2023
synth-0427,synth-0535,2023
synth-0427,synth-0584,2023
synth-0427,synth-0586,2023
synth-0427,synth-0637,2023
synth-0427,synth-0639,2023
synth-0427,synth-0648,2023
synth-0427,synth-0668,2023
synth-0427,synth-0685,2023
synth-0427,synth-0698,2023
synth-0428,synth-0310,2021
synth-0428,synth-0370,2021
synth-0428,synth-0381,2021
synth-0428,synth-0382,2021
synth-0428,synth-0387,2021
synth-0428,synth-0396,2021
synth-0428,synth-0402,2021
synth-0429,synth-0341,2018
synth-0429,synth-0379,2018
synth-0429,synth-0402,2018
synth-0429,synth-0403,2018
synth-0430,synth-0305,2020
synth-0430,synth-0379,2020
synth-0430,synth-0392,2020
synth-0430,synth-0395,2020
synth-0430,synth-0401,2020
synth-0430,synth-0403,2020
synth-0430,synth-0415,2020
synth-0431,synth-0362,2020
synth-0431,synth-0372,2020
synth-0431,synth-0396,2020
synth-0431,synth-0403,2020
synth-0431,synth-0423,2020
synth-0431,synth-0615,2020
synth-0431,synth-0804,2020
synth-0432,synth-0367,2020
synth-0432,synth-0387,2020
synth-0432,synth-0415,2020
synth-0432,synth-0423,2020
synth-0432,synth-0446,2020
synth-0432,synth-0552,2020
synth-0432,synth-0592,2020
synth-0433,synth-0367,2023
synth-0433,synth-0373,2023
synth-0433,synth-0378,2023
synth-0433,synth-0576,2023
synth-0433,synth-0615,2023
synth-0433,synth-0910,2023
synth-0434,synth-0384,2019
synth-0434,synth-0388,2019
synth-0434,synth-0399,2019
synth-0434,synth-0410,2019
synth-0434,synth-0440,2019
synth-0434,synth-0442,2019
synth-0434,synth-0658,2019
synth-0434,synth-0716,2019
synth-0435,synth-0210,2024
synth-0435,synth-0365,2024
synth-0435,synth-0368,2024
synth-0435,synth-0374,2024
synth-0435,synth-0376,2024
synth-0435,synth-0378,2024
synth-0435,synth-0381,2024
synth-0435,synth-0403,2024
synth-0435,synth-0409,2024
synth-0435,synth-0416,2024
synth-0435,synth-0426,2024
synth-0435,synth-0433,2024
synth-0435,synth-0609,2024
synth-0435,synth-0642,2024
synth-0435,synth-0675,2024
synth-0436,synth-0124,2021
synth-0436,synth-0197,2021
synth-0436,synth-0355,2021
synth-0436,synth-0370,2021
synth-0436,synth-0383,2021
synth-0436,synth-0388,2021
synth-0436,synth-0403,2021
synth-0436,synth-0417,2021
synth-0436,synth-0418,2021
synth-0436,synth-0441,2021
synth-0436,synth-0442,2021
synth-0436,synth-0448,2021
synth-0436,synth-0668,2021
synth-0436,synth-0781,2021
synth-0437,synth-0409,2019
synth-0438,synth-0367,2020
synth-0438,synth-0368,2020
synth-0438,synth-0372,2020
synth-0438,synth-0396,2020
synth-0438,synth-0404,2020
synth-0438,synth-0410,2020
synth-0438,synth-0418,2020
synth-0438,synth-0568,2020
synth-0438,synth-0763,2020
synth-0439,synth-0315,2022
synth-0439,synth-0361,2022
synth-0439,synth-0362,2022
synth-0439,synth-0395,2022
synth-0439,synth-0423,2022
synth-0439,synth-0440,2022
synth-0439,synth-0692,2022
synth-0439,synth-0695,2022
synth-0440,synth-0399,2016
synth-0440,synth-0423,2016
synth-0441,synth-0362,2021
synth-0441,synth-0378,2021
synth-0441,synth-0415,2021
synth-0441,synth-0417,2021
synth-0441,synth-0842,2021
synth-0442,synth-0361,2017
synth-0442,synth-0364,2017
synth-0442,synth-0374,2017
synth-0442,synth-0378,2017
synth-0442,synth-0379,2017
synth-0442,synth-0402,2017
synth-0442,synth-0450,2017
synth-0443,synth-0256,2024
synth-0443,synth-0299,2024
synth-0443,synth-0371,2024
synth-0443,synth-0376,2024
synth-0443,synth-0405,2024
synth-0443,synth-0406,2024
synth-0443,synth-0411,2024
synth-0443,synth-0424,2024
synth-0443,synth-0438,2024
synth-0443,synth-0439,2024
synth-0443,synth-0442,2024
synth-0443,synth-0632,2024
synth-0444,synth-0310,2022
synth-0444,synth-0365,2022
synth-0444,synth-0368,2022
synth-0444,synth-0404,2022
synth-0444,synth-0410,2022
synth-0444,synth-0438,2022
synth-0444,synth-0439,2022
synth-0444,synth-0442,2022
synth-0444,synth-0450,2022
synth-0446,synth-0216,2020
synth-0446,synth-0277,2020
synth-0446,synth-0409,2020
synth-0446,synth-0429,2020
synth-0446,synth-0432,2020
synth-0446,synth-0450,2020
synth-0446,synth-0646,2020
synth-0446,synth-0669,2020
synth-0447,synth-0459,2016
synth-0448,synth-0014,2016
synth-0449,synth-0180,2020
synth-0449,synth-0387,2020
synth-0449,synth-0594,2020
synth-0449,synth-0692,2020
synth-0449,synth-0707,2020
synth-0450,synth-0399,2016
synth-0450,synth-0401,2016
synth-0450,synth-0402,2016
synth-0450,synth-0411,2016
synth-0451,synth-0495,2016
synth-0452,synth-0338,2024
synth-0452,synth-0457,2024
synth-0452,synth-0473,2024
synth-0452,synth-0478,2024
synth-0452,synth-0480,2024
synth-0452,synth-0481,2024
synth-0452,synth-0482,2024
synth-0452,synth-0497,2024
synth-0452,synth-0511,2024
synth-0452,synth-0514,2024
synth-0452,synth-0515,2024
synth-0452,synth-0524,2024
synth-0452,synth-0615,2024
synth-0452,synth-0914,2024
synth-0453,synth-0350,2024
synth-0453,synth-0354,2024
synth-0453,synth-0460,2024
synth-0453,synth-0475,2024
synth-0453,synth-0478,2024
synth-0453,synth-0487,2024
synth-0453,synth-0515,2024
synth-0453,synth-0525,2024
synth-0453,synth-0534,2024
synth-0453,synth-0542,2024
synth-0453,synth-0607,2024
synth-0453,synth-0614,2024
synth-0453,synth-0914,2024
synth-0454,synth-0451,2016
synth-0454,synth-0625,2016
synth-0455,synth-0462,2023
synth-0455,synth-0496,2023
synth-0455,synth-0505,2023
synth-0455,synth-0526,2023
synth-0455,synth-0527,2023
synth-0455,synth-0530,2023
synth-0455,synth-0538,2023
synth-0456,synth-0286,2017
synth-0456,synth-0451,2017
synth-0456,synth-0484,2017
synth-0456,synth-0512,2017
synth-0457,synth-0481,2019
synth-0457,synth-0492,2019
synth-0457,synth-0499,2019
synth-0458,synth-0468,2018
synth-0458,synth-0498,2018
synth-0458,synth-0832,2018
synth-0459,synth-0484,2016
synth-0459,synth-0524,2016
synth-0460,synth-0122,2024
synth-0460,synth-0452,2024
synth-0460,synth-0463,2024
synth-0460,synth-0481,2024
synth-0460,synth-0483,2024
synth-0460,synth-0484,2024
synth-0460,synth-0491,2024
synth-0460,synth-0498,2024
synth-0460,synth-0504,2024
synth-0460,synth-0513,2024
synth-0460,synth-0524,2024
synth-0460,synth-0539,2024
synth-0460,synth-0797,2024
synth-0461,synth-0203,2020
synth-0461,synth-0287,2020
synth-0461,synth-0305,2020
synth-0461,synth-0459,2020
synth-0461,synth-0463,2020
synth-0461,synth-0478,2020
synth-0461,synth-0486,2020
synth-0461,synth-0494,2020
synth-0461,synth-0514,2020
synth-0461,synth-0517,2020
synth-0461,synth-0532,2020
synth-0461,synth-0533,2020
synth-0461,synth-0538,2020
synth-0461,synth-0711,2020
synth-0462,synth-0534,2017
synth-0462,synth-0647,2017
synth-0463,synth-0459,2017
synth-0463,synth-0472,2017
synth-0463,synth-0492,2017
synth-0463,synth-0530,2017
synth-0464,synth-0343,2020
synth-0464,synth-0451,2020
synth-0464,synth-0473,2020
synth-0464,synth-0497,2020
synth-0464,synth-0500,2020
synth-0464,synth-0532,2020
synth-0464,synth-0534,2020
synth-0464,synth-0644,2020
synth-0465,synth-0458,2020
synth-0465,synth-0466,2020
synth-0465,synth-0472,2020
synth-0465,synth-0477,2020
synth-0465,synth-0480,2020
synth-0465,synth-0494,2020
synth-0465,synth-0498,2020
synth-0465,synth-0537,2020
synth-0465,synth-0615,2020
synth-0466,synth-0482,2018
synth-0467,synth-0457,2024
synth-0467,synth-0470,2024
synth-0467,synth-0475,2024
synth-0467,synth-0479,2024
synth-0467,synth-0490,2024
synth-0467,synth-0499,2024
synth-0467,synth-0501,2024
synth-0467,synth-0520,2024
synth-0467,synth-0531,2024
synth-0467,synth-0536,2024
synth-0467,synth-0539,2024
synth-0467,synth-0585,2024
synth-0467,synth-0658,2024
synth-0467,synth-0906,2024
synth-0468,synth-0347,2016
synth-0468,synth-0472,2016
synth-0468,synth-0512,2016
synth-0469,synth-0138,2018
synth-0469,synth-0328,2018
synth-0469,synth-0476,2018
synth-0469,synth-0498,2018
synth-0469,synth-0524,2018
synth-0469,synth-0538,2018
synth-0469,synth-0685,2018
synth-0470,synth-0333,2024
synth-0470,synth-0452,2024
synth-0470,synth-0472,2024
synth-0470,synth-0489,2024
synth-0470,synth-0506,2024
synth-0470,synth-0509,2024
synth-0470,synth-0520,2024
synth-0470,synth-0526,2024
synth-0470,synth-0533,2024
synth-0470,synth-0534,2024
synth-0470,synth-0817,2024
synth-0471,synth-0314,2018
synth-0471,synth-0372,2018
synth-0471,synth-0476,2018
synth-0471,synth-0483,2018
synth-0471,synth-0495,2018
synth-0471,synth-0598,2018
synth-0471,synth-0614,2018
synth-0471,synth-0668,2018
synth-0472,synth-0112,2016
synth-0472,synth-0303,2016
synth-0473,synth-0466,2018
synth-0473,synth-0471,2018
synth-0473,synth-0476,2018
synth-0473,synth-0477,2018
synth-0473,synth-0487,2018
synth-0473,synth-0524,2018
synth-0474,synth-0282,2021
synth-0474,synth-0457,2021
synth-0474,synth-0464,2021
synth-0474,synth-0481,2021
synth-0474,synth-0484,2021
synth-0474,synth-0491,2021
synth-0474,synth-0530,2021
synth-0475,synth-0280,2021
synth-0475,synth-0457,2021
synth-0475,synth-0486,2021
synth-0475,synth-0497,2021
synth-0475,synth-0523,2021
synth-0475,synth-0527,2021
synth-0475,synth-0532,2021
synth-0475,synth-0533,2021
synth-0475,synth-0536,2021
synth-0475,synth-0569,2021
synth-0476,synth-0495,2017
synth-0476,synth-0617,2017
synth-0476,synth-0707,2017
synth-0477,synth-0318,2018
synth-0477,synth-0462,2018
synth-0477,synth-0471,2018
synth-0477,synth-0476,2018
synth-0477,synth-0495,2018
synth-0477,synth-0498,2018
synth-0477,synth-0499,2018
synth-0478,synth-0289,2018
synth-0478,synth-0447,2018
synth-0478,synth-0459,2018
synth-0478,synth-0466,2018
synth-0478,synth-0471,2018
synth-0478,synth-0472,2018
synth-0478,synth-0476,2018
synth-0478,synth-0484,2018
synth-0479,synth-0393,2023
synth-0479,synth-0451,2023
synth-0479,synth-0471,2023
synth-0479,synth-0493,2023
synth-0479,synth-0494,2023
synth-0479,synth-0517,2023
synth-0479,synth-0528,2023
synth-0479,synth-0550,2023
synth-0479,synth-0665,2023
synth-0479,synth-0714,2023
synth-0480,synth-0023,2020
synth-0480,synth-0104,2020
synth-0480,synth-0454,2020
synth-0480,synth-0459,2020
synth-0480,synth-0466,2020
synth-0480,synth-0476,2020
synth-0480,synth-0499,2020
synth-0480,synth-0521,2020
synth-0480,synth-0537,2020
synth-0480,synth-0703,2020
synth-0480,synth-0906,2020
synth-0481,synth-0289,2016
synth-0481,synth-0347,2016
synth-0482,synth-0462,2018
synth-0482,synth-0463,2018
synth-0482,synth-0477,2018
synth-0483,synth-0280,2017
synth-0483,synth-0512,2017
synth-0483,synth-0530,2017
synth-0484,synth-0451,2016
synth-0485,synth-0309,2024
synth-0485,synth-0453,2024
synth-0485,synth-0454,2024
synth-0485,synth-0455,2024
synth-0485,synth-0471,2024
synth-0485,synth-0473,2024
synth-0485,synth-0492,2024
synth-0485,synth-0509,2024
synth-0485,synth-0527,2024
synth-0485,synth-0531,2024
synth-0485,synth-0582,2024
synth-0485,synth-0719,2024
synth-0486,synth-0216,2019
synth-0486,synth-0222,2019
synth-0486,synth-0526,2019
synth-0486,synth-0617,2019
synth-0486,synth-0839,2019
synth-0487,synth-0456,2018
synth-0487,synth-0495,2018
synth-0487,synth-0506,2018
synth-0488,synth-0471,2022
synth-0488,synth-0534,2022
synth-0488,synth-0537,2022
synth-0488,synth-0593,2022
synth-0488,synth-0608,2022
synth-0489,synth-0137,2021
synth-0489,synth-0280,2021
synth-0489,synth-0340,2021
synth-0489,synth-0454,2021
synth-0489,synth-0506,2021
synth-0489,synth-0528,2021
synth-0489,synth-0530,2021
synth-0489,synth-0654,2021
synth-0490,synth-0481,2020
synth-0490,synth-0521,2020
synth-0490,synth-0534,2020
synth-0490,synth-0537,2020
synth-0490,synth-0594,2020
synth-0491,synth-0698,2017
synth-0492,synth-0454,2017
synth-0492,synth-0463,2017
synth-0493,synth-0482,2020
synth-0493,synth-0521,2020
synth-0493,synth-0658,2020
synth-0493,synth-0677,2020
synth-0493,synth-0767,2020
synth-0493,synth-0842,2020
synth-0493,synth-0906,2020
synth-0494,synth-0074,2019
synth-0494,synth-0457,2019
synth-0494,synth-0459,2019
synth-0494,synth-0473,2019
synth-0494,synth-0648,2019
synth-0495,synth-0280,2016
synth-0495,synth-0472,2016
synth-0495,synth-0481,2016
synth-0496,synth-0277,2022
synth-0496,synth-0314,2022
synth-0496,synth-0454,2022
synth-0496,synth-0459,2022
synth-0496,synth-0469,2022
synth-0496,synth-0478,2022
synth-0496,synth-0481,2022
synth-0496,synth-0482,2022
synth-0496,synth-0489,2022
synth-0496,synth-0523,2022
synth-0496,synth-0527,2022
synth-0496,synth-0538,2022
synth-0496,synth-0571,2022
synth-0496,synth-0692,2022
synth-0496,synth-0698,2022
synth-0496,synth-0741,2022
synth-0496,synth-0753,2022
synth-0496,synth-0925,2022
synth-0497,synth-0379,2019
synth-0497,synth-0476,2019
synth-0497,synth-0481,2019
synth-0497,synth-0509,2019
synth-0497,synth-0532,2019
synth-0497,synth-0837,2019
synth-0498,synth-0401,2017
synth-0498,synth-0463,2017
synth-0498,synth-0476,2017
synth-0498,synth-0512,2017
synth-0498,synth-0596,2017
synth-0499,synth-0283,2018
synth-0499,synth-0462,2018
synth-0499,synth-0473,2018
synth-0499,synth-0483,2018
synth-0499,synth-0484,2018
synth-0499,synth-0634,2018
synth-0499,synth-0705,2018
synth-0500,synth-0168,2019
synth-0500,synth-0454,2019
synth-0500,synth-0482,2019
synth-0500,synth-0514,2019
synth-0500,synth-0517,2019
synth-0500,synth-0527,2019
synth-0500,synth-0679,2019
synth-0500,synth-0687,2019
synth-0500,synth-0713,2019
synth-0501,synth-0278,2024
synth-0501,synth-0323,2024
synth-0501,synth-0354,2024
synth-0501,synth-0454,2024
synth-0501,synth-0462,2024
synth-0501,synth-0463,2024
synth-0501,synth-0481,2024
synth-0501,synth-0491,2024
synth-0501,synth-0511,2024
synth-0501,synth-0576,2024
synth-0501,synth-0685,2024
synth-0502,synth-0183,2022
synth-0502,synth-0484,2022
synth-0502,synth-0486,2022
synth-0502,synth-0491,2022
synth-0502,synth-0512,2022
synth-0502,synth-0523,2022
synth-0502,synth-0527,2022
synth-0502,synth-0615,2022
synth-0502,synth-0645,2022
synth-0503,synth-0124,2024
synth-0503,synth-0455,2024
synth-0503,synth-0461,2024
synth-0503,synth-0462,2024
synth-0503,synth-0471,2024
synth-0503,synth-0474,2024
synth-0503,synth-0492,2024
synth-0503,synth-0509,2024
synth-0503,synth-0523,2024
synth-0503,synth-0532,2024
synth-0503,synth-0534,2024
synth-0503,synth-0622,2024
synth-0503,synth-0668,2024
synth-0503,synth-0684,2024
synth-0503,synth-0921,2024
synth-0504,synth-0347,2020
synth-0504,synth-0454,2020
synth-0504,synth-0457,2020
synth-0504,synth-0458,2020
synth-0504,synth-0459,2020
synth-0504,synth-0464,2020
synth-0504,synth-0465,2020
synth-0504,synth-0482,2020
synth-0504,synth-0483,2020
synth-0504,synth-0526,2020
synth-0504,synth-0707,2020
synth-0504,synth-0906,2020
synth-0505,synth-0308,2022
synth-0505,synth-0462,2022
synth-0505,synth-0473,2022
synth-0505,synth-0478,2022
synth-0505,synth-0488,2022
synth-0505,synth-0516,2022
synth-0505,synth-0519,2022
synth-0505,synth-0541,2022
synth-0505,synth-0642,2022
synth-0505,synth-0845,2022
synth-0506,synth-0471,2018
synth-0506,synth-0530,2018
synth-0506,synth-0598,2018
synth-0507,synth-0530,2019
synth-0507,synth-0699,2019
synth-0508,synth-0397,2023
synth-0508,synth-0459,2023
synth-0508,synth-0469,2023
synth-0508,synth-0478,2023
synth-0508,synth-0481,2023
synth-0508,synth-0498,2023
synth-0508,synth-0506,2023
synth-0508,synth-0507,2023
synth-0508,synth-0509,2023
synth-0508,synth-0516,2023
synth-0508,synth-0520,2023
synth-0508,synth-0582,2023
synth-0508,synth-0602,2023
synth-0508,synth-0683,2023
synth-0508,synth-0785,2023
synth-0508,synth-0798,2023
synth-0508,synth-0906,2023
synth-0509,synth-0478,2018
synth-0510,synth-0458,2021
synth-0510,synth-0483,2021
synth-0510,synth-0487,2021
synth-0510,synth-0499,2021
synth-0510,synth-0506,2021
synth-0510,synth-0524,2021
synth-0510,synth-0863,2021
synth-0511,synth-0280,2023
synth-0511,synth-0344,2023
synth-0511,synth-0437,2023
synth-0511,synth-0469,2023
synth-0511,synth-0472,2023
synth-0511,synth-0473,2023
synth-0511,synth-0489,2023
synth-0511,synth-0506,2023
synth-0511,synth-0589,2023
synth-0511,synth-0617,2023
synth-0511,synth-0684,2023
synth-0512,synth-0454,2016
synth-0512,synth-0468,2016
synth-0513,synth-0272,2023
synth-0513,synth-0379,2023
synth-0513,synth-0454,2023
synth-0513,synth-0464,2023
synth-0513,synth-0472,2023
synth-0513,synth-0480,2023
synth-0513,synth-0486,2023
synth-0513,synth-0487,2023
synth-0513,synth-0489,2023
synth-0513,synth-0519,2023
synth-0513,synth-0521,2023
synth-0513,synth-0523,2023
synth-0513,synth-0536,2023
synth-0513,synth-0764,2023
synth-0513,synth-0906,2023
synth-0514,synth-0177,2019
synth-0514,synth-0454,2019
synth-0514,synth-0459,2019
synth-0514,synth-0473,2019
synth-0514,synth-0476,2019
synth-0514,synth-0481,2019
synth-0514,synth-0484,2019
synth-0514,synth-0492,2019
synth-0514,synth-0530,2019
synth-0514,synth-0538,2019
synth-0514,synth-0626,2019
synth-0515,synth-0269,2024
synth-0515,synth-0462,2024
synth-0515,synth-0468,2024
synth-0515,synth-0470,2024
synth-0515,synth-0472,2024
synth-0515,synth-0481,2024
synth-0515,synth-0482,2024
synth-0515,synth-0484,2024
synth-0515,synth-0491,2024
synth-0515,synth-0497,2024
synth-0515,synth-0507,2024
synth-0515,synth-0513,2024
synth-0516,synth-0269,2021
synth-0516,synth-0454,2021
synth-0516,synth-0464,2021
synth-0516,synth-0465,2021
synth-0516,synth-0474,2021
synth-0516,synth-0475,2021
synth-0516,synth-0504,2021
synth-0516,synth-0512,2021
synth-0516,synth-0528,2021
synth-0516,synth-0575,2021
synth-0516,synth-0904,2021
synth-0517,synth-0484,2016
synth-0518,synth-0177,2020
synth-0518,synth-0426,2020
synth-0518,synth-0429,2020
synth-0518,synth-0458,2020
synth-0518,synth-0461,2020
synth-0518,synth-0473,2020
synth-0518,synth-0483,2020
synth-0518,synth-0484,2020
synth-0518,synth-0504,2020
synth-0518,synth-0507,2020
synth-0518,synth-0634,2020
synth-0518,synth-0721,2020
synth-0519,synth-0344,2021
synth-0519,synth-0464,2021
synth-0519,synth-0477,2021
synth-0519,synth-0509,2021
synth-0519,synth-0514,2021
synth-0519,synth-0602,2021
synth-0519,synth-0642,2021
synth-0519,synth-0646,2021
synth-0519,synth-0689,2021
synth-0520,synth-0283,2023
synth-0520,synth-0329,2023
synth-0520,synth-0466,2023
synth-0520,synth-0468,2023
synth-0520,synth-0479,2023
synth-0520,synth-0481,2023
synth-0520,synth-0482,2023
synth-0520,synth-0491,2023
synth-0520,synth-0519,2023
synth-0520,synth-0568,2023
synth-0520,synth-0852,2023
synth-0521,synth-0462,2020
synth-0521,synth-0472,2020
synth-0521,synth-0484,2020
synth-0521,synth-0509,2020
synth-0521,synth-0518,2020
synth-0521,synth-0719,2020
synth-0522,synth-0474,2021
synth-0522,synth-0477,2021
synth-0522,synth-0487,2021
synth-0522,synth-0490,2021
synth-0522,synth-0492,2021
synth-0522,synth-0506,2021
synth-0522,synth-0518,2021
synth-0522,synth-0524,2021
synth-0522,synth-0532,2021
synth-0522,synth-0535,2021
synth-0522,synth-0906,2021
synth-0523,synth-0461,2021
synth-0523,synth-0463,2021
synth-0523,synth-0471,2021
synth-0523,synth-0489,2021
synth-0523,synth-0504,2021
synth-0523,synth-0506,2021
synth-0523,synth-0512,2021
synth-0525,synth-0231,2023
synth-0525,synth-0287,2023
synth-0525,synth-0454,2023
synth-0525,synth-0479,2023
synth-0525,synth-0491,2023
synth-0525,synth-0500,2023
synth-0525,synth-0506,2023
synth-0525,synth-0508,2023
synth-0525,synth-0517,2023
synth-0525,synth-0524,2023
synth-0525,synth-0533,2023
synth-0525,synth-0536,2023
synth-0525,synth-0569,2023
synth-0525,synth-0571,2023
synth-0525,synth-0689,2023
synth-0525,synth-0882,2023
synth-0525,synth-0906,2023
synth-0526,synth-0482,2018
synth-0526,synth-0484,2018
synth-0526,synth-0487,2018
synth-0526,synth-0524,2018
synth-0526,synth-0530,2018
synth-0526,synth-0816,2018
synth-0527,synth-0325,2019
synth-0527,synth-0345,2019
synth-0527,synth-0434,2019
synth-0527,synth-0462,2019
synth-0527,synth-0495,2019
synth-0527,synth-0497,2019
synth-0527,synth-0512,2019
synth-0527,synth-0517,2019
synth-0527,synth-0684,2019
synth-0528,synth-0477,2021
synth-0528,synth-0481,2021
synth-0528,synth-0506,2021
synth-0528,synth-0507,2021
synth-0528,synth-0524,2021
synth-0528,synth-0609,2021
synth-0529,synth-0248,2024
synth-0529,synth-0464,2024
synth-0529,synth-0476,2024
synth-0529,synth-0481,2024
synth-0529,synth-0484,2024
synth-0529,synth-0487,2024
synth-0529,synth-0494,2024
synth-0529,synth-0496,2024
synth-0529,synth-0505,2024
synth-0529,synth-0509,2024
synth-0529,synth-0533,2024
synth-0529,synth-0556,2024
synth-0529,synth-0609,2024
synth-0529,synth-0650,2024
synth-0529,synth-0664,2024
synth-0529,synth-0719,2024
synth-0529,synth-0819,2024
synth-0531,synth-0013,2024
synth-0531,synth-0081,2024
synth-0531,synth-0349,2024
synth-0531,synth-0470,2024
synth-0531,synth-0473,2024
synth-0531,synth-0486,2024
synth-0531,synth-0529,2024
synth-0531,synth-0581,2024
synth-0531,synth-0611,2024
synth-0532,synth-0472,2019
synth-0532,synth-0478,2019
synth-0532,synth-0487,2019
synth-0532,synth-0537,2019
synth-0533,synth-0456,2020
synth-0533,synth-0461,2020
synth-0533,synth-0486,2020
synth-0533,synth-0493,2020
synth-0533,synth-0500,2020
synth-0534,synth-0459,2017
synth-0534,synth-0481,2017
synth-0534,synth-0851,2017
synth-0535,synth-0451,2019
synth-0535,synth-0468,2019
synth-0535,synth-0492,2019
synth-0535,synth-0538,2019
synth-0535,synth-0575,2019
synth-0535,synth-0686,2019
synth-0536,synth-0344,2021
synth-0536,synth-0473,2021
synth-0536,synth-0476,2021
synth-0536,synth-0481,2021
synth-0536,synth-0483,2021
synth-0536,synth-0490,2021
synth-0536,synth-0519,2021
synth-0536,synth-0537,2021
synth-0536,synth-0774,2021
synth-0537,synth-0469,2018
synth-0537,synth-0477,2018
synth-0537,synth-0492,2018
synth-0537,synth-0495,2018
synth-0538,synth-0289,2017
synth-0538,synth-0468,2017
synth-0538,synth-0476,2017
synth-0538,synth-0492,2017
synth-0538,synth-0562,2017
synth-0539,synth-0294,2022
synth-0539,synth-0345,2022
synth-0539,synth-0456,2022
synth-0539,synth-0462,2022
synth-0539,synth-0484,2022
synth-0539,synth-0487,2022
synth-0539,synth-0491,2022
synth-0539,synth-0500,2022
synth-0539,synth-0509,2022
synth-0539,synth-0528,2022
synth-0539,synth-0572,2022
synth-0539,synth-0683,2022
synth-0539,synth-0707,2022
synth-0539,synth-0708,2022
synth-0539,synth-0719,2022
synth-0540,synth-0322,2024
synth-0540,synth-0468,2024
synth-0540,synth-0487,2024
synth-0540,synth-0519,2024
synth-0540,synth-0520,2024
synth-0540,synth-0528,2024
synth-0540,synth-0719,2024
synth-0540,synth-0873,2024
synth-0541,synth-0580,2017
synth-0541,synth-0617,2017
synth-0541,synth-0751,2017
synth-0542,synth-0774,2020
synth-0543,synth-0614,2018
synth-0543,synth-0626,2018
synth-0544,synth-0541,2020
synth-0544,synth-0575,2020
synth-0544,synth-0588,2020
synth-0544,synth-0804,2020
synth-0545,synth-0411,2017
synth-0545,synth-0541,2017
synth-0545,synth-0566,2017
synth-0545,synth-0617,2017
synth-0545,synth-0851,2017
synth-0546,synth-0416,2020
synth-0546,synth-0544,2020
synth-0546,synth-0571,2020
synth-0546,synth-0597,2020
synth-0546,synth-0598,2020
synth-0546,synth-0623,2020
synth-0546,synth-0751,2020
synth-0546,synth-0801,2020
synth-0547,synth-0272,2024
synth-0547,synth-0412,2024
synth-0547,synth-0432,2024
synth-0547,synth-0492,2024
synth-0547,synth-0537,2024
synth-0547,synth-0552,2024
synth-0547,synth-0557,2024
synth-0547,synth-0565,2024
synth-0547,synth-0575,2024
synth-0547,synth-0590,2024
synth-0547,synth-0593,2024
synth-0547,synth-0594,2024
synth-0547,synth-0596,2024
synth-0547,synth-0607,2024
synth-0547,synth-0617,2024
synth-0547,synth-0619,2024
synth-0547,synth-0620,2024
synth-0547,synth-0621,2024
synth-0547,synth-0625,2024
synth-0547,synth-0628,2024
synth-0547,synth-0641,2024
synth-0547,synth-0797,2024
synth-0547,synth-0847,2024
synth-0547,synth-0849,2024
synth-0547,synth-0915,2024
synth-0548,synth-0470,2024
synth-0548,synth-0580,2024
synth-0548,synth-0606,2024
synth-0548,synth-0630,2024
synth-0548,synth-0729,2024
synth-0548,synth-0836,2024
synth-0548,synth-0850,2024
synth-0549,synth-0361,2022
synth-0549,synth-0389,2022
synth-0549,synth-0425,2022
synth-0549,synth-0445,2022
synth-0549,synth-0466,2022
synth-0549,synth-0516,2022
synth-0549,synth-0542,2022
synth-0550,synth-0379,2021
synth-0550,synth-0532,2021
synth-0550,synth-0572,2021
synth-0550,synth-0595,2021
synth-0550,synth-0613,2021
synth-0550,synth-0614,2021
synth-0550,synth-0658,2021
synth-0550,synth-0786,2021
synth-0550,synth-0898,2021
synth-0551,synth-0465,2022
synth-0551,synth-0554,2022
synth-0551,synth-0572,2022
synth-0551,synth-0614,2022
synth-0552,synth-0541,2020
synth-0552,synth-0544,2020
synth-0552,synth-0568,2020
synth-0552,synth-0588,2020
synth-0552,synth-0863,2020
synth-0552,synth-0919,2020
synth-0553,synth-0187,2024
synth-0553,synth-0435,2024
synth-0553,synth-0551,2024
synth-0553,synth-0557,2024
synth-0553,synth-0561,2024
synth-0553,synth-0581,2024
synth-0553,synth-0592,2024
synth-0553,synth-0770,2024
synth-0553,synth-0801,2024
synth-0553,synth-0869,2024
synth-0554,synth-0378,2020
synth-0554,synth-0383,2020
synth-0554,synth-0429,2020
synth-0554,synth-0456,2020
synth-0554,synth-0545,2020
synth-0554,synth-0564,2020
synth-0554,synth-0592,2020
synth-0554,synth-0600,2020
synth-0554,synth-0602,2020
synth-0555,synth-0036,2022
synth-0555,synth-0071,2022
synth-0555,synth-0550,2022
synth-0555,synth-0572,2022
synth-0555,synth-0579,2022
synth-0555,synth-0585,2022
synth-0555,synth-0613,2022
synth-0555,synth-0624,2022
synth-0555,synth-0628,2022
synth-0555,synth-0911,2022
synth-0556,synth-0103,2022
synth-0556,synth-0348,2022
synth-0556,synth-0400,2022
synth-0556,synth-0451,2022
synth-0556,synth-0543,2022
synth-0556,synth-0550,2022
synth-0556,synth-0557,2022
synth-0556,synth-0563,2022
synth-0556,synth-0583,2022
synth-0556,synth-0587,2022
synth-0556,synth-0595,2022
synth-0556,synth-0597,2022
synth-0556,synth-0598,2022
synth-0556,synth-0601,2022
synth-0556,synth-0607,2022
synth-0556,synth-0617,2022
synth-0556,synth-0625,2022
synth-0556,synth-0812,2022
synth-0556,synth-0818,2022
synth-0557,synth-0049,2022
synth-0557,synth-0516,2022
synth-0557,synth-0518,2022
synth-0557,synth-0565,2022
synth-0557,synth-0567,2022
synth-0557,synth-0572,2022
synth-0557,synth-0581,2022
synth-0557,synth-0588,2022
synth-0557,synth-0590,2022
synth-0557,synth-0600,2022
synth-0557,synth-0605,2022
synth-0557,synth-0614,2022
synth-0557,synth-0874,2022
synth-0558,synth-0364,2021
synth-0558,synth-0434,2021
synth-0558,synth-0464,2021
synth-0558,synth-0603,2021
synth-0558,synth-0727,2021
synth-0558,synth-0747,2021
synth-0558,synth-0919,2021
synth-0559,synth-0363,2024
synth-0559,synth-0409,2024
synth-0559,synth-0531,2024
synth-0559,synth-0574,2024
synth-0559,synth-0575,2024
synth-0559,synth-0589,2024
synth-0559,synth-0597,2024
synth-0559,synth-0620,2024
synth-0559,synth-0625,2024
synth-0559,synth-0629,2024
synth-0559,synth-0919,2024
synth-0560,synth-0398,2021
synth-0560,synth-0411,2021
synth-0560,synth-0498,2021
synth-0560,synth-0499,2021
synth-0560,synth-0566,2021
synth-0560,synth-0579,2021
synth-0560,synth-0596,2021
synth-0560,synth-0609,2021
synth-0561,synth-0566,2021
synth-0561,synth-0583,2021
synth-0561,synth-0602,2021
synth-0561,synth-0625,2021
synth-0561,synth-0672,2021
synth-0561,synth-0771,2021
synth-0561,synth-0885,2021
synth-0561,synth-0891,2021
synth-0562,synth-0617,2016
synth-0563,synth-0592,2022
synth-0563,synth-0596,2022
synth-0563,synth-0597,2022
synth-0563,synth-0625,2022
synth-0563,synth-0626,2022
synth-0563,synth-0856,2022
synth-0563,synth-0923,2022
synth-0564,synth-0287,2020
synth-0564,synth-0393,2020
synth-0564,synth-0585,2020
synth-0564,synth-0586,2020
synth-0564,synth-0597,2020
synth-0564,synth-0613,2020
synth-0564,synth-0614,2020
synth-0564,synth-0615,2020
synth-0564,synth-0779,2020
synth-0564,synth-0802,2020
synth-0565,synth-0596,2016
synth-0565,synth-0605,2016
synth-0565,synth-0883,2016
synth-0566,synth-0426,2016
synth-0566,synth-0571,2016
synth-0567,synth-0255,2019
synth-0567,synth-0562,2019
synth-0567,synth-0596,2019
synth-0567,synth-0619,2019
synth-0568,synth-0530,2017
synth-0568,synth-0541,2017
synth-0568,synth-0580,2017
synth-0568,synth-0784,2017
synth-0568,synth-0851,2017
synth-0569,synth-0113,2019
synth-0569,synth-0410,2019
synth-0569,synth-0497,2019
synth-0569,synth-0588,2019
synth-0569,synth-0727,2019
synth-0569,synth-0728,2019
synth-0570,synth-0572,2017
synth-0570,synth-0621,2017
synth-0570,synth-0741,2017
synth-0571,synth-0566,2016
synth-0572,synth-0399,2016
synth-0572,synth-0566,2016
synth-0572,synth-0621,2016
synth-0573,synth-0405,2023
synth-0573,synth-0417,2023
synth-0573,synth-0558,2023
synth-0573,synth-0560,2023
synth-0573,synth-0561,2023
synth-0573,synth-0567,2023
synth-0573,synth-0620,2023
synth-0573,synth-0626,2023
synth-0573,synth-0758,2023
synth-0573,synth-0765,2023
synth-0574,synth-0431,2024
synth-0574,synth-0516,2024
synth-0574,synth-0545,2024
synth-0574,synth-0556,2024
synth-0574,synth-0609,2024
synth-0574,synth-0725,2024
synth-0574,synth-0880,2024
synth-0575,synth-0442,2017
synth-0575,synth-0570,2017
synth-0575,synth-0615,2017
synth-0575,synth-0617,2017
synth-0575,synth-0621,2017
synth-0575,synth-0623,2017
synth-0575,synth-0752,2017
synth-0576,synth-0374,2023
synth-0576,synth-0442,2023
synth-0576,synth-0607,2023
synth-0576,synth-0613,2023
synth-0576,synth-0614,2023
synth-0576,synth-0624,2023
synth-0576,synth-0894,2023
synth-0577,synth-0392,2022
synth-0577,synth-0398,2022
synth-0577,synth-0417,2022
synth-0577,synth-0459,2022
synth-0577,synth-0543,2022
synth-0577,synth-0580,2022
synth-0577,synth-0582,2022
synth-0577,synth-0587,2022
synth-0577,synth-0599,2022
synth-0577,synth-0600,2022
synth-0577,synth-0611,2022
synth-0577,synth-0617,2022
synth-0577,synth-0624,2022
synth-0577,synth-0625,2022
synth-0577,synth-0773,2022
synth-0578,synth-0294,2024
synth-0578,synth-0397,2024
synth-0578,synth-0400,2024
synth-0578,synth-0416,2024
synth-0578,synth-0540,2024
synth-0578,synth-0543,2024
synth-0578,synth-0546,2024
synth-0578,synth-0568,2024
synth-0578,synth-0569,2024
synth-0578,synth-0572,2024
synth-0578,synth-0574,2024
synth-0578,synth-0592,2024
synth-0578,synth-0601,2024
synth-0578,synth-0620,2024
synth-0578,synth-0625,2024
synth-0578,synth-0722,2024
synth-0578,synth-0764,2024
synth-0578,synth-0911,2024
synth-0578,synth-0927,2024
synth-0579,synth-0530,2021
synth-0579,synth-0545,2021
synth-0579,synth-0562,2021
synth-0579,synth-0585,2021
synth-0579,synth-0596,2021
synth-0579,synth-0600,2021
synth-0579,synth-0602,2021
synth-0579,synth-0614,2021
synth-0579,synth-0617,2021
synth-0579,synth-0627,2021
synth-0579,synth-0628,2021
synth-0581,synth-0565,2018
synth-0581,synth-0568,2018
synth-0581,synth-0570,2018
synth-0581,synth-0575,2018
synth-0581,synth-0580,2018
synth-0581,synth-0585,2018
synth-0581,synth-0597,2018
synth-0581,synth-0623,2018
synth-0581,synth-0881,2018
synth-0582,synth-0312,2022
synth-0582,synth-0488,2022
synth-0582,synth-0546,2022
synth-0582,synth-0555,2022
synth-0582,synth-0570,2022
synth-0582,synth-0575,2022
synth-0582,synth-0594,2022
synth-0582,synth-0609,2022
synth-0582,synth-0613,2022
synth-0582,synth-0615,2022
synth-0582,synth-0735,2022
synth-0583,synth-0372,2019
synth-0583,synth-0426,2019
synth-0583,synth-0457,2019
synth-0583,synth-0545,2019
synth-0583,synth-0802,2019
synth-0583,synth-0832,2019
synth-0583,synth-0871,2019
synth-0584,synth-0363,2023
synth-0584,synth-0365,2023
synth-0584,synth-0450,2023
synth-0584,synth-0556,2023
synth-0584,synth-0564,2023
synth-0584,synth-0573,2023
synth-0584,synth-0594,2023
synth-0584,synth-0619,2023
synth-0584,synth-0625,2023
synth-0584,synth-0783,2023
synth-0584,synth-0911,2023
synth-0585,synth-0541,2017
synth-0586,synth-0423,2019
synth-0586,synth-0500,2019
synth-0586,synth-0567,2019
synth-0586,synth-0568,2019
synth-0586,synth-0570,2019
synth-0586,synth-0588,2019
synth-0587,synth-0567,2021
synth-0587,synth-0579,2021
synth-0587,synth-0583,2021
synth-0587,synth-0589,2021
synth-0587,synth-0608,2021
synth-0587,synth-0609,2021
synth-0587,synth-0626,2021
synth-0587,synth-0787,2021
synth-0588,synth-0494,2019
synth-0588,synth-0566,2019
synth-0588,synth-0605,2019
synth-0588,synth-0615,2019
synth-0588,synth-0891,2019
synth-0589,synth-0392,2020
synth-0589,synth-0438,2020
synth-0589,synth-0494,2020
synth-0589,synth-0562,2020
synth-0589,synth-0583,2020
synth-0589,synth-0598,2020
synth-0589,synth-0605,2020
synth-0589,synth-0609,2020
synth-0589,synth-0614,2020
synth-0589,synth-0615,2020
synth-0589,synth-0895,2020
synth-0590,synth-0587,2021
synth-0590,synth-0805,2021
synth-0591,synth-0379,2024
synth-0591,synth-0549,2024
synth-0591,synth-0574,2024
synth-0591,synth-0587,2024
synth-0591,synth-0612,2024
synth-0591,synth-0618,2024
synth-0591,synth-0798,2024
synth-0591,synth-0911,2024
synth-0592,synth-0546,2020
synth-0592,synth-0554,2020
synth-0592,synth-0564,2020
synth-0592,synth-0580,2020
synth-0592,synth-0589,2020
synth-0592,synth-0596,2020
synth-0592,synth-0607,2020
synth-0592,synth-0617,2020
synth-0592,synth-0760,2020
synth-0592,synth-0847,2020
synth-0592,synth-0887,2020
synth-0593,synth-0337,2022
synth-0593,synth-0442,2022
synth-0593,synth-0532,2022
synth-0593,synth-0549,2022
synth-0593,synth-0562,2022
synth-0593,synth-0568,2022
synth-0593,synth-0571,2022
synth-0593,synth-0603,2022
synth-0593,synth-0625,2022
synth-0594,synth-0429,2018
synth-0594,synth-0617,2018
synth-0594,synth-0623,2018
synth-0595,synth-0312,2021
synth-0595,synth-0468,2021
synth-0595,synth-0472,2021
synth-0595,synth-0546,2021
synth-0595,synth-0594,2021
synth-0595,synth-0614,2021
synth-0595,synth-0620,2021
synth-0596,synth-0605,2016
synth-0597,synth-0403,2017
synth-0597,synth-0572,2017
synth-0597,synth-0580,2017
synth-0597,synth-0617,2017
synth-0598,synth-0392,2017
synth-0599,synth-0320,2022
synth-0599,synth-0438,2022
synth-0599,synth-0552,2022
synth-0599,synth-0558,2022
synth-0599,synth-0562,2022
synth-0599,synth-0595,2022
synth-0599,synth-0600,2022
synth-0600,synth-0142,2020
synth-0600,synth-0495,2020
synth-0600,synth-0571,2020
synth-0600,synth-0619,2020
synth-0600,synth-0629,2020
synth-0601,synth-0004,2022
synth-0601,synth-0396,2022
synth-0601,synth-0456,2022
synth-0601,synth-0466,2022
synth-0601,synth-0541,2022
synth-0601,synth-0555,2022
synth-0601,synth-0575,2022
synth-0601,synth-0581,2022
synth-0601,synth-0585,2022
synth-0601,synth-0617,2022
synth-0601,synth-0768,2022
synth-0601,synth-0830,2022
synth-0601,synth-0852,2022
synth-0601,synth-0919,2022
synth-0602,synth-0562,2017
synth-0602,synth-0580,2017
synth-0602,synth-0605,2017
synth-0602,synth-0775,2017
synth-0603,synth-0134,2019
synth-0603,synth-0517,2019
synth-0603,synth-0571,2019
synth-0603,synth-0626,2019
synth-0603,synth-0629,2019
synth-0603,synth-0875,2019
synth-0603,synth-0887,2019
synth-0604,synth-0080,2023
synth-0604,synth-0378,2023
synth-0604,synth-0508,2023
synth-0604,synth-0541,2023
synth-0604,synth-0544,2023
synth-0604,synth-0555,2023
synth-0604,synth-0558,2023
synth-0604,synth-0566,2023
synth-0604,synth-0585,2023
synth-0604,synth-0588,2023
synth-0604,synth-0594,2023
synth-0604,synth-0597,2023
synth-0604,synth-0600,2023
synth-0604,synth-0619,2023
synth-0604,synth-0621,2023
synth-0606,synth-0511,2023
synth-0606,synth-0519,2023
synth-0606,synth-0550,2023
synth-0606,synth-0551,2023
synth-0606,synth-0565,2023
synth-0606,synth-0615,2023
synth-0606,synth-0625,2023
synth-0606,synth-0685,2023
synth-0606,synth-0758,2023
synth-0606,synth-0802,2023
synth-0606,synth-0807,2023
synth-0606,synth-0854,2023
synth-0606,synth-0910,2023
synth-0607,synth-0055,2020
synth-0607,synth-0449,2020
synth-0607,synth-0541,2020
synth-0607,synth-0588,2020
synth-0607,synth-0619,2020
synth-0607,synth-0620,2020
synth-0607,synth-0625,2020
synth-0607,synth-0751,2020
synth-0608,synth-0478,2019
synth-0608,synth-0532,2019
synth-0608,synth-0565,2019
synth-0608,synth-0567,2019
synth-0608,synth-0583,2019
synth-0608,synth-0596,2019
synth-0608,synth-0620,2019
synth-0608,synth-0722,2019
synth-0608,synth-0812,2019
synth-0609,synth-0617,2019
synth-0609,synth-0625,2019
synth-0609,synth-0847,2019
synth-0610,synth-0428,2023
synth-0610,synth-0539,2023
synth-0610,synth-0542,2023
synth-0610,synth-0543,2023
synth-0610,synth-0550,2023
synth-0610,synth-0561,2023
synth-0610,synth-0568,2023
synth-0610,synth-0577,2023
synth-0610,synth-0599,2023
synth-0610,synth-0602,2023
synth-0610,synth-0612,2023
synth-0610,synth-0613,2023
synth-0610,synth-0617,2023
synth-0610,synth-0625,2023
synth-0610,synth-0923,2023
synth-0611,synth-0440,2022
synth-0611,synth-0441,2022
synth-0611,synth-0442,2022
synth-0611,synth-0575,2022
synth-0611,synth-0615,2022
synth-0611,synth-0627,2022
synth-0611,synth-0824,2022
synth-0611,synth-0883,2022
synth-0612,synth-0064,2022
synth-0612,synth-0403,2022
synth-0612,synth-0526,2022
synth-0612,synth-0566,2022
synth-0612,synth-0571,2022
synth-0612,synth-0595,2022
synth-0612,synth-0598,2022
synth-0612,synth-0607,2022
synth-0612,synth-0608,2022
synth-0612,synth-0613,2022
synth-0612,synth-0627,2022
synth-0612,synth-0783,2022
synth-0613,synth-0543,2020
synth-0613,synth-0552,2020
synth-0613,synth-0562,2020
synth-0613,synth-0570,2020
synth-0613,synth-0572,2020
synth-0613,synth-0592,2020
synth-0613,synth-0607,2020
synth-0613,synth-0741,2020
synth-0614,synth-0484,2017
synth-0614,synth-0621,2017
synth-0614,synth-0812,2017
synth-0614,synth-0813,2017
synth-0615,synth-0448,2017
synth-0615,synth-0450,2017
synth-0615,synth-0575,2017
synth-0615,synth-0625,2017
synth-0616,synth-0496,2023
synth-0616,synth-0511,2023
synth-0616,synth-0532,2023
synth-0616,synth-0554,2023
synth-0616,synth-0557,2023
synth-0616,synth-0567,2023
synth-0616,synth-0580,2023
synth-0616,synth-0581,2023
synth-0616,synth-0583,2023
synth-0616,synth-0584,2023
synth-0616,synth-0597,2023
synth-0616,synth-0605,2023
synth-0616,synth-0611,2023
synth-0616,synth-0726,2023
synth-0616,synth-0802,2023
synth-0616,synth-0827,2023
synth-0617,synth-0572,2016
synth-0617,synth-0580,2016
synth-0618,synth-0106,2024
synth-0618,synth-0391,2024
synth-0618,synth-0444,2024
synth-0618,synth-0542,2024
synth-0618,synth-0563,2024
synth-0618,synth-0567,2024
synth-0618,synth-0568,2024
synth-0618,synth-0569,2024
synth-0618,synth-0628,2024
synth-0619,synth-0486,2019
synth-0619,synth-0580,2019
synth-0619,synth-0811,2019
synth-0620,synth-0597,2019
synth-0622,synth-0368,2023
synth-0622,synth-0374,2023
synth-0622,synth-0508,2023
synth-0622,synth-0536,2023
synth-0622,synth-0543,2023
synth-0622,synth-0555,2023
synth-0622,synth-0557,2023
synth-0622,synth-0615,2023
synth-0622,synth-0616,2023
synth-0622,synth-0620,2023
synth-0622,synth-0628,2023
synth-0622,synth-0741,2023
synth-0622,synth-0746,2023
synth-0622,synth-0763,2023
synth-0622,synth-0775,2023
synth-0622,synth-0861,2023
synth-0623,synth-0476,2017
synth-0623,synth-0580,2017
synth-0623,synth-0614,2017
synth-0624,synth-0372,2021
synth-0624,synth-0379,2021
synth-0624,synth-0434,2021
synth-0624,synth-0560,2021
synth-0624,synth-0567,2021
synth-0624,synth-0603,2021
synth-0624,synth-0626,2021
synth-0625,synth-0605,2016
synth-0626,synth-0562,2017
synth-0626,synth-0570,2017
synth-0626,synth-0575,2017
synth-0626,synth-0585,2017
synth-0626,synth-0602,2017
synth-0626,synth-0693,2017
synth-0626,synth-0779,2017
synth-0626,synth-0873,2017
synth-0626,synth-0880,2017
synth-0627,synth-0241,2021
synth-0627,synth-0486,2021
synth-0627,synth-0517,2021
synth-0627,synth-0554,2021
synth-0627,synth-0571,2021
synth-0627,synth-0586,2021
synth-0627,synth-0588,2021
synth-0627,synth-0598,2021
synth-0627,synth-0608,2021
synth-0627,synth-0628,2021
synth-0627,synth-0774,2021
synth-0627,synth-0818,2021
synth-0627,synth-0859,2021
synth-0628,synth-0474,2021
synth-0628,synth-0545,2021
synth-0628,synth-0572,2021
synth-0628,synth-0575,2021
synth-0628,synth-0581,2021
synth-0628,synth-0592,2021
synth-0628,synth-0613,2021
synth-0628,synth-0619,2021
synth-0628,synth-0629,2021
synth-0628,synth-0664,2021
synth-0628,synth-0895,2021
synth-0629,synth-0205,2018
synth-0629,synth-0220,2018
synth-0629,synth-0379,2018
synth-0629,synth-0562,2018
synth-0629,synth-0580,2018
synth-0629,synth-0585,2018
synth-0629,synth-0617,2018
synth-0629,synth-0772,2018
synth-0630,synth-0140,2023
synth-0630,synth-0505,2023
synth-0630,synth-0545,2023
synth-0630,synth-0549,2023
synth-0630,synth-0575,2023
synth-0630,synth-0576,2023
synth-0630,synth-0586,2023
synth-0630,synth-0619,2023
synth-0630,synth-0620,2023
synth-0630,synth-0626,2023
synth-0630,synth-0751,2023
synth-0630,synth-0795,2023
synth-0630,synth-0882,2023
synth-0630,synth-0898,2023
synth-0630,synth-0926,2023
synth-0631,synth-0198,2018
synth-0631,synth-0471,2018
synth-0631,synth-0650,2018
synth-0631,synth-0669,2018
synth-0631,synth-0673,2018
synth-0631,synth-0717,2018
synth-0632,synth-0409,2022
synth-0632,synth-0642,2022
synth-0632,synth-0662,2022
synth-0632,synth-0668,2022
synth-0632,synth-0698,2022
synth-0632,synth-0711,2022
synth-0633,synth-0171,2024
synth-0633,synth-0465,2024
synth-0633,synth-0641,2024
synth-0633,synth-0652,2024
synth-0633,synth-0655,2024
synth-0633,synth-0657,2024
synth-0633,synth-0663,2024
synth-0633,synth-0673,2024
synth-0633,synth-0675,2024
synth-0633,synth-0676,2024
synth-0633,synth-0681,2024
synth-0633,synth-0692,2024
synth-0633,synth-0694,2024
synth-0633,synth-0761,2024
synth-0634,synth-0689,2016
synth-0635,synth-0424,2024
synth-0635,synth-0477,2024
synth-0635,synth-0528,2024
synth-0635,synth-0632,2024
synth-0635,synth-0641,2024
synth-0635,synth-0662,2024
synth-0635,synth-0689,2024
synth-0635,synth-0702,2024
synth-0635,synth-0703,2024
synth-0635,synth-0753,2024
synth-0635,synth-0797,2024
synth-0635,synth-0809,2024
synth-0635,synth-0904,2024
synth-0635,synth-0928,2024
synth-0636,synth-0422,2023
synth-0636,synth-0639,2023
synth-0636,synth-0642,2023
synth-0636,synth-0655,2023
synth-0636,synth-0660,2023
synth-0636,synth-0661,2023
synth-0636,synth-0665,2023
synth-0636,synth-0671,2023
synth-0636,synth-0672,2023
synth-0636,synth-0673,2023
synth-0636,synth-0699,2023
synth-0636,synth-0713,2023
synth-0636,synth-0888,2023
synth-0636,synth-0912,2023
synth-0637,synth-0418,2021
synth-0637,synth-0645,2021
synth-0637,synth-0660,2021
synth-0637,synth-0681,2021
synth-0637,synth-0717,2021
synth-0637,synth-0719,2021
synth-0637,synth-0928,2021
synth-0638,synth-0049,2022
synth-0638,synth-0168,2022
synth-0638,synth-0183,2022
synth-0638,synth-0642,2022
synth-0638,synth-0647,2022
synth-0638,synth-0654,2022
synth-0638,synth-0655,2022
synth-0638,synth-0699,2022
synth-0638,synth-0912,2022
synth-0639,synth-0142,2023
synth-0639,synth-0644,2023
synth-0639,synth-0646,2023
synth-0639,synth-0649,2023
synth-0639,synth-0652,2023
synth-0639,synth-0662,2023
synth-0639,synth-0672,2023
synth-0639,synth-0706,2023
synth-0639,synth-0709,2023
synth-0639,synth-0720,2023
synth-0639,synth-0766,2023
synth-0639,synth-0847,2023
synth-0640,synth-0156,2024
synth-0640,synth-0631,2024
synth-0640,synth-0647,2024
synth-0640,synth-0653,2024
synth-0640,synth-0660,2024
synth-0640,synth-0671,2024
synth-0640,synth-0674,2024
synth-0640,synth-0677,2024
synth-0640,synth-0681,2024
synth-0640,synth-0686,2024
synth-0640,synth-0701,2024
synth-0640,synth-0702,2024
synth-0640,synth-0710,2024
synth-0640,synth-0879,2024
synth-0640,synth-0916,2024
synth-0641,synth-0666,2022
synth-0641,synth-0686,2022
synth-0641,synth-0691,2022
synth-0641,synth-0694,2022
synth-0641,synth-0699,2022
synth-0641,synth-0716,2022
synth-0641,synth-0765,2022
synth-0642,synth-0652,2021
synth-0642,synth-0655,2021
synth-0642,synth-0701,2021
synth-0642,synth-0785,2021
synth-0642,synth-0906,2021
synth-0642,synth-0908,2021
synth-0643,synth-0197,2023
synth-0643,synth-0494,2023
synth-0643,synth-0517,2023
synth-0643,synth-0649,2023
synth-0643,synth-0660,2023
synth-0643,synth-0674,2023
synth-0643,synth-0682,2023
synth-0643,synth-0684,2023
synth-0643,synth-0686,2023
synth-0643,synth-0705,2023
synth-0643,synth-0754,2023
synth-0643,synth-0804,2023
synth-0643,synth-0843,2023
synth-0643,synth-0908,2023
synth-0644,synth-0782,2016
synth-0645,synth-0091,2019
synth-0645,synth-0392,2019
synth-0645,synth-0497,2019
synth-0645,synth-0671,2019
synth-0645,synth-0682,2019
synth-0645,synth-0698,2019
synth-0645,synth-0713,2019
synth-0646,synth-0672,2016
synth-0646,synth-0731,2016
synth-0647,synth-0634,2016
synth-0647,synth-0646,2016
synth-0647,synth-0744,2016
synth-0648,synth-0198,2019
synth-0648,synth-0645,2019
synth-0648,synth-0684,2019
synth-0648,synth-0703,2019
synth-0648,synth-0713,2019
synth-0648,synth-0715,2019
synth-0648,synth-0876,2019
synth-0649,synth-0224,2020
synth-0649,synth-0388,2020
synth-0649,synth-0634,2020
synth-0649,synth-0647,2020
synth-0649,synth-0654,2020
synth-0649,synth-0655,2020
synth-0649,synth-0681,2020
synth-0649,synth-0699,2020
synth-0649,synth-0715,2020
synth-0650,synth-0374,2018
synth-0650,synth-0456,2018
synth-0650,synth-0673,2018
synth-0650,synth-0682,2018
synth-0650,synth-0687,2018
synth-0651,synth-0409,2024
synth-0651,synth-0445,2024
synth-0651,synth-0652,2024
synth-0651,synth-0658,2024
synth-0651,synth-0672,2024
synth-0651,synth-0673,2024
synth-0651,synth-0684,2024
synth-0651,synth-0704,2024
synth-0651,synth-0744,2024
synth-0651,synth-0869,2024
synth-0652,synth-0429,2019
synth-0652,synth-0682,2019
synth-0652,synth-0686,2019
synth-0652,synth-0687,2019
synth-0652,synth-0705,2019
synth-0652,synth-0709,2019
synth-0652,synth-0837,2019
synth-0653,synth-0363,2024
synth-0653,synth-0515,2024
synth-0653,synth-0633,2024
synth-0653,synth-0639,2024
synth-0653,synth-0640,2024
synth-0653,synth-0647,2024
synth-0653,synth-0660,2024
synth-0653,synth-0662,2024
synth-0653,synth-0667,2024
synth-0653,synth-0670,2024
synth-0653,synth-0678,2024
synth-0653,synth-0683,2024
synth-0653,synth-0704,2024
synth-0653,synth-0717,2024
synth-0653,synth-0861,2024
synth-0654,synth-0673,2018
synth-0654,synth-0685,2018
synth-0654,synth-0698,2018
synth-0656,synth-0401,2022
synth-0656,synth-0671,2022
synth-0656,synth-0683,2022
synth-0656,synth-0696,2022
synth-0656,synth-0711,2022
synth-0656,synth-0800,2022
synth-0656,synth-0831,2022
synth-0656,synth-0879,2022
synth-0656,synth-0900,2022
synth-0657,synth-0377,2023
synth-0657,synth-0638,2023
synth-0657,synth-0646,2023
synth-0657,synth-0671,2023
synth-0657,synth-0676,2023
synth-0657,synth-0687,2023
synth-0657,synth-0697,2023
synth-0657,synth-0740,2023
synth-0657,synth-0783,2023
synth-0657,synth-0852,2023
synth-0657,synth-0889,2023
synth-0657,synth-0925,2023
synth-0658,synth-0692,2018
synth-0658,synth-0784,2018
synth-0659,synth-0409,2021
synth-0659,synth-0474,2021
synth-0659,synth-0634,2021
synth-0659,synth-0662,2021
synth-0659,synth-0687,2021
synth-0659,synth-0695,2021
synth-0659,synth-0908,2021
synth-0659,synth-0928,2021
synth-0660,synth-0015,2019
synth-0660,synth-0367,2019
synth-0660,synth-0671,2019
synth-0660,synth-0693,2019
synth-0660,synth-0751,2019
synth-0660,synth-0754,2019
synth-0661,synth-0066,2023
synth-0661,synth-0393,2023
synth-0661,synth-0425,2023
synth-0661,synth-0532,2023
synth-0661,synth-0646,2023
synth-0661,synth-0647,2023
synth-0661,synth-0649,2023
synth-0661,synth-0652,2023
synth-0661,synth-0686,2023
synth-0661,synth-0697,2023
synth-0661,synth-0701,2023
synth-0661,synth-0717,2023
synth-0661,synth-0719,2023
synth-0661,synth-0745,2023
synth-0661,synth-0855,2023
synth-0661,synth-0908,2023
synth-0662,synth-0477,2020
synth-0662,synth-0498,2020
synth-0662,synth-0521,2020
synth-0662,synth-0647,2020
synth-0662,synth-0677,2020
synth-0662,synth-0686,2020
synth-0662,synth-0693,2020
synth-0662,synth-0720,2020
synth-0662,synth-0736,2020
synth-0663,synth-0068,2023
synth-0663,synth-0404,2023
synth-0663,synth-0495,2023
synth-0663,synth-0668,2023
synth-0663,synth-0709,2023
synth-0663,synth-0718,2023
synth-0664,synth-0099,2019
synth-0664,synth-0654,2019
synth-0664,synth-0693,2019
synth-0664,synth-0727,2019
synth-0664,synth-0741,2019
synth-0665,synth-0657,2023
synth-0665,synth-0667,2023
synth-0665,synth-0671,2023
synth-0665,synth-0701,2023
synth-0665,synth-0715,2023
synth-0665,synth-0866,2023
synth-0666,synth-0438,2022
synth-0666,synth-0642,2022
synth-0666,synth-0668,2022
synth-0666,synth-0681,2022
synth-0666,synth-0687,2022
synth-0666,synth-0693,2022
synth-0666,synth-0695,2022
synth-0667,synth-0358,2023
synth-0667,synth-0447,2023
synth-0667,synth-0524,2023
synth-0667,synth-0636,2023
synth-0667,synth-0641,2023
synth-0667,synth-0654,2023
synth-0667,synth-0671,2023
synth-0667,synth-0685,2023
synth-0667,synth-0691,2023
synth-0667,synth-0699,2023
synth-0667,synth-0703,2023
synth-0667,synth-0706,2023
synth-0667,synth-0924,2023
synth-0669,synth-0689,2017
synth-0669,synth-0693,2017
synth-0669,synth-0698,2017
synth-0670,synth-0393,2018
synth-0670,synth-0481,2018
synth-0670,synth-0526,2018
synth-0670,synth-0585,2018
synth-0670,synth-0672,2018
synth-0671,synth-0213,2017
synth-0671,synth-0287,2017
synth-0671,synth-0299,2017
synth-0671,synth-0775,2017
synth-0672,synth-0351,2016
synth-0672,synth-0459,2016
synth-0672,synth-0685,2016
synth-0673,synth-0681,2018
synth-0673,synth-0692,2018
synth-0673,synth-0717,2018
synth-0674,synth-0052,2023
synth-0674,synth-0084,2023
synth-0674,synth-0371,2023
synth-0674,synth-0656,2023
synth-0674,synth-0657,2023
synth-0674,synth-0673,2023
synth-0674,synth-0681,2023
synth-0674,synth-0687,2023
synth-0674,synth-0692,2023
synth-0674,synth-0721,2023
synth-0674,synth-0728,2023
synth-0675,synth-0012,2024
synth-0675,synth-0068,2024
synth-0675,synth-0427,2024
synth-0675,synth-0454,2024
synth-0675,synth-0633,2024
synth-0675,synth-0641,2024
synth-0675,synth-0661,2024
synth-0675,synth-0664,2024
synth-0675,synth-0672,2024
synth-0675,synth-0682,2024
synth-0675,synth-0821,2024
synth-0676,synth-0412,2022
synth-0676,synth-0497,2022
synth-0676,synth-0506,2022
synth-0676,synth-0510,2022
synth-0676,synth-0632,2022
synth-0676,synth-0637,2022
synth-0676,synth-0644,2022
synth-0676,synth-0655,2022
synth-0676,synth-0664,2022
synth-0676,synth-0682,2022
synth-0676,synth-0691,2022
synth-0676,synth-0693,2022
synth-0676,synth-0696,2022
synth-0676,synth-0751,2022
synth-0676,synth-0789,2022
synth-0676,synth-0896,2022
synth-0676,synth-0908,2022
synth-0677,synth-0251,2020
synth-0677,synth-0517,2020
synth-0677,synth-0648,2020
synth-0677,synth-0652,2020
synth-0677,synth-0671,2020
synth-0677,synth-0679,2020
synth-0677,synth-0690,2020
synth-0677,synth-0715,2020
synth-0677,synth-0716,2020
synth-0677,synth-0720,2020
synth-0677,synth-0908,2020
synth-0677,synth-0928,2020
synth-0678,synth-0656,2024
synth-0678,synth-0664,2024
synth-0678,synth-0679,2024
synth-0678,synth-0690,2024
synth-0678,synth-0701,2024
synth-0678,synth-0708,2024
synth-0678,synth-0748,2024
synth-0678,synth-0794,2024
synth-0678,synth-0854,2024
synth-0678,synth-0908,2024
synth-0679,synth-0668,2018
synth-0679,synth-0713,2018
synth-0680,synth-0211,2024
synth-0680,synth-0484,2024
synth-0680,synth-0525,2024
synth-0680,synth-0606,2024
synth-0680,synth-0635,2024
synth-0680,synth-0638,2024
synth-0680,synth-0645,2024
synth-0680,synth-0646,2024
synth-0680,synth-0652,2024
synth-0680,synth-0660,2024
synth-0680,synth-0693,2024
synth-0680,synth-0694,2024
synth-0680,synth-0699,2024
synth-0680,synth-0714,2024
synth-0680,synth-0720,2024
synth-0680,synth-0763,2024
synth-0680,synth-0787,2024
synth-0680,synth-0792,2024
synth-0680,synth-0846,2024
synth-0680,synth-0904,2024
synth-0681,synth-0509,2018
synth-0681,synth-0644,2018
synth-0681,synth-0654,2018
synth-0681,synth-0668,2018
synth-0681,synth-0671,2018
synth-0681,synth-0713,2018
synth-0681,synth-0722,2018
synth-0681,synth-0811,2018
synth-0681,synth-0830,2018
synth-0681,synth-0892,2018
synth-0681,synth-0894,2018
synth-0682,synth-0450,2017
synth-0682,synth-0698,2017
synth-0682,synth-0707,2017
synth-0683,synth-0077,2022
synth-0683,synth-0365,2022
synth-0683,synth-0385,2022
synth-0683,synth-0537,2022
synth-0683,synth-0645,2022
synth-0683,synth-0671,2022
synth-0683,synth-0693,2022
synth-0683,synth-0703,2022
synth-0683,synth-0718,2022
synth-0683,synth-0771,2022
synth-0684,synth-0351,2019
synth-0684,synth-0402,2019
synth-0684,synth-0526,2019
synth-0684,synth-0648,2019
synth-0684,synth-0660,2019
synth-0684,synth-0689,2019
synth-0684,synth-0693,2019
synth-0684,synth-0709,2019
synth-0685,synth-0703,2016
synth-0686,synth-0671,2017
synth-0686,synth-0787,2017
synth-0687,synth-0646,2017
synth-0687,synth-0698,2017
synth-0687,synth-0699,2017
synth-0687,synth-0717,2017
synth-0687,synth-0876,2017
synth-0688,synth-0426,2021
synth-0688,synth-0644,2021
synth-0688,synth-0650,2021
synth-0688,synth-0662,2021
synth-0688,synth-0689,2021
synth-0688,synth-0751,2021
synth-0688,synth-0763,2021
synth-0688,synth-0825,2021
synth-0688,synth-0920,2021
synth-0688,synth-0924,2021
synth-0689,synth-0409,2016
synth-0690,synth-0082,2019
synth-0690,synth-0481,2019
synth-0690,synth-0482,2019
synth-0690,synth-0484,2019
synth-0690,synth-0645,2019
synth-0690,synth-0650,2019
synth-0690,synth-0652,2019
synth-0690,synth-0684,2019
synth-0690,synth-0692,2019
synth-0690,synth-0693,2019
synth-0690,synth-0774,2019
synth-0691,synth-0454,2018
synth-0691,synth-0654,2018
synth-0691,synth-0658,2018
synth-0691,synth-0670,2018
synth-0692,synth-0650,2018
synth-0692,synth-0686,2018
synth-0692,synth-0699,2018
synth-0694,synth-0005,2021
synth-0694,synth-0231,2021
synth-0694,synth-0662,2021
synth-0694,synth-0668,2021
synth-0694,synth-0679,2021
synth-0694,synth-0691,2021
synth-0694,synth-0701,2021
synth-0694,synth-0754,2021
synth-0694,synth-0920,2021
synth-0695,synth-0662,2020
synth-0695,synth-0669,2020
synth-0695,synth-0670,2020
synth-0695,synth-0705,2020
synth-0695,synth-0772,2020
synth-0695,synth-0776,2020
synth-0695,synth-0859,2020
synth-0696,synth-0197,2022
synth-0696,synth-0500,2022
synth-0696,synth-0505,2022
synth-0696,synth-0631,2022
synth-0696,synth-0670,2022
synth-0697,synth-0004,2023
synth-0697,synth-0427,2023
synth-0697,synth-0475,2023
synth-0697,synth-0486,2023
synth-0697,synth-0493,2023
synth-0697,synth-0610,2023
synth-0697,synth-0632,2023
synth-0697,synth-0642,2023
synth-0697,synth-0647,2023
synth-0697,synth-0659,2023
synth-0697,synth-0666,2023
synth-0697,synth-0668,2023
synth-0697,synth-0685,2023
synth-0697,synth-0691,2023
synth-0697,synth-0700,2023
synth-0697,synth-0841,2023
synth-0698,synth-0374,2017
synth-0698,synth-0672,2017
synth-0698,synth-0813,2017
synth-0699,synth-0409,2017
synth-0699,synth-0682,2017
synth-0699,synth-0781,2017
synth-0700,synth-0505,2022
synth-0700,synth-0631,2022
synth-0700,synth-0634,2022
synth-0700,synth-0677,2022
synth-0700,synth-0683,2022
synth-0700,synth-0684,2022
synth-0700,synth-0692,2022
synth-0700,synth-0703,2022
synth-0700,synth-0708,2022
synth-0700,synth-0716,2022
synth-0700,synth-0720,2022
synth-0700,synth-0726,2022
synth-0700,synth-0803,2022
synth-0701,synth-0691,2021
synth-0701,synth-0695,2021
synth-0701,synth-0713,2021
synth-0701,synth-0719,2021
synth-0701,synth-0843,2021
synth-0701,synth-0912,2021
synth-0702,synth-0158,2024
synth-0702,synth-0404,2024
synth-0702,synth-0631,2024
synth-0702,synth-0632,2024
synth-0702,synth-0633,2024
synth-0702,synth-0649,2024
synth-0702,synth-0651,2024
synth-0702,synth-0653,2024
synth-0702,synth-0666,2024
synth-0702,synth-0674,2024
synth-0702,synth-0677,2024
synth-0702,synth-0693,2024
synth-0702,synth-0695,2024
synth-0702,synth-0788,2024
synth-0702,synth-0811,2024
synth-0702,synth-0824,2024
synth-0702,synth-0899,2024
synth-0703,synth-0672,2016
synth-0703,synth-0693,2016
synth-0704,synth-0371,2023
synth-0704,synth-0537,2023
synth-0704,synth-0636,2023
synth-0704,synth-0638,2023
synth-0704,synth-0648,2023
synth-0704,synth-0660,2023
synth-0704,synth-0664,2023
synth-0704,synth-0672,2023
synth-0704,synth-0693,2023
synth-0704,synth-0707,2023
synth-0704,synth-0779,2023
synth-0704,synth-0908,2023
synth-0705,synth-0875,2016
synth-0706,synth-0382,2023
synth-0706,synth-0463,2023
synth-0706,synth-0637,2023
synth-0706,synth-0644,2023
synth-0706,synth-0649,2023
synth-0706,synth-0661,2023
synth-0706,synth-0669,2023
synth-0706,synth-0681,2023
synth-0706,synth-0698,2023
synth-0706,synth-0709,2023
synth-0706,synth-0811,2023
synth-0706,synth-0908,2023
synth-0706,synth-0918,2023
synth-0707,synth-0481,2016
synth-0707,synth-0689,2016
synth-0708,synth-0402,2020
synth-0708,synth-0535,2020
synth-0708,synth-0645,2020
synth-0708,synth-0669,2020
synth-0708,synth-0705,2020
synth-0708,synth-0881,2020
synth-0708,synth-0928,2020
synth-0709,synth-0442,2018
synth-0709,synth-0647,2018
synth-0709,synth-0655,2018
synth-0709,synth-0658,2018
synth-0709,synth-0671,2018
synth-0709,synth-0673,2018
synth-0709,synth-0727,2018
synth-0710,synth-0430,2024
synth-0710,synth-0510,2024
synth-0710,synth-0589,2024
synth-0710,synth-0632,2024
synth-0710,synth-0638,2024
synth-0710,synth-0648,2024
synth-0710,synth-0656,2024
synth-0710,synth-0659,2024
synth-0710,synth-0669,2024
synth-0710,synth-0675,2024
synth-0710,synth-0677,2024
synth-0710,synth-0679,2024
synth-0710,synth-0680,2024
synth-0710,synth-0715,2024
synth-0710,synth-0811,2024
synth-0710,synth-0812,2024
synth-0710,synth-0916,2024
synth-0711,synth-0634,2020
synth-0711,synth-0646,2020
synth-0711,synth-0650,2020
synth-0711,synth-0673,2020
synth-0711,synth-0687,2020
synth-0711,synth-0708,2020
synth-0711,synth-0713,2020
synth-0711,synth-0831,2020
synth-0711,synth-0869,2020
synth-0712,synth-0078,2024
synth-0712,synth-0392,2024
synth-0712,synth-0636,2024
synth-0712,synth-0639,2024
synth-0712,synth-0659,2024
synth-0712,synth-0660,2024
synth-0712,synth-0676,2024
synth-0712,synth-0687,2024
synth-0712,synth-0689,2024
synth-0712,synth-0694,2024
synth-0712,synth-0705,2024
synth-0712,synth-0707,2024
synth-0712,synth-0863,2024
synth-0713,synth-0367,2018
synth-0713,synth-0631,2018
synth-0713,synth-0670,2018
synth-0713,synth-0682,2018
synth-0713,synth-0693,2018
synth-0713,synth-0826,2018
synth-0714,synth-0491,2019
synth-0714,synth-0646,2019
synth-0714,synth-0650,2019
synth-0715,synth-0655,2018
synth-0715,synth-0668,2018
synth-0715,synth-0670,2018
synth-0715,synth-0691,2018
synth-0715,synth-0707,2018
synth-0715,synth-0771,2018
synth-0716,synth-0354,2019
synth-0716,synth-0634,2019
synth-0716,synth-0654,2019
synth-0716,synth-0671,2019
synth-0716,synth-0776,2019
synth-0716,synth-0920,2019
synth-0718,synth-0487,2021
synth-0718,synth-0517,2021
synth-0718,synth-0645,2021
synth-0718,synth-0659,2021
synth-0718,synth-0660,2021
synth-0718,synth-0689,2021
synth-0718,synth-0698,2021
synth-0718,synth-0716,2021
synth-0718,synth-0720,2021
synth-0718,synth-0832,2021
synth-0718,synth-0904,2021
synth-0718,synth-0924,2021
synth-0719,synth-0402,2020
synth-0719,synth-0671,2020
synth-0719,synth-0844,2020
synth-0720,synth-0224,2019
synth-0720,synth-0646,2019
synth-0720,synth-0648,2019
synth-0720,synth-0689,2019
synth-0720,synth-0693,2019
synth-0721,synth-0120,2018
synth-0721,synth-0473,2018
synth-0721,synth-0760,2018
synth-0722,synth-0781,2017
synth-0722,synth-0789,2017
synth-0723,synth-0036,2023
synth-0723,synth-0156,2023
synth-0723,synth-0168,2023
synth-0723,synth-0592,2023
synth-0723,synth-0722,2023
synth-0723,synth-0725,2023
synth-0723,synth-0729,2023
synth-0723,synth-0730,2023
synth-0723,synth-0734,2023
synth-0723,synth-0743,2023
synth-0723,synth-0757,2023
synth-0723,synth-0762,2023
synth-0723,synth-0765,2023
synth-0723,synth-0768,2023
synth-0723,synth-0776,2023
synth-0723,synth-0807,2023
synth-0723,synth-0901,2023
synth-0723,synth-0920,2023
synth-0724,synth-0731,2016
synth-0724,synth-0747,2016
synth-0724,synth-0767,2016
synth-0724,synth-0772,2016
synth-0725,synth-0224,2020
synth-0725,synth-0301,2020
synth-0725,synth-0707,2020
synth-0725,synth-0747,2020
synth-0725,synth-0810,2020
synth-0726,synth-0096,2022
synth-0726,synth-0230,2022
synth-0726,synth-0257,2022
synth-0726,synth-0686,2022
synth-0726,synth-0901,2022
synth-0727,synth-0096,2018
synth-0727,synth-0689,2018
synth-0727,synth-0705,2018
synth-0727,synth-0721,2018
synth-0727,synth-0722,2018
synth-0727,synth-0741,2018
synth-0727,synth-0786,2018
synth-0728,synth-0223,2017
synth-0728,synth-0689,2017
synth-0728,synth-0724,2017
synth-0728,synth-0781,2017
synth-0728,synth-0782,2017
synth-0728,synth-0787,2017
synth-0729,synth-0010,2021
synth-0729,synth-0244,2021
synth-0729,synth-0543,2021
synth-0729,synth-0608,2021
synth-0729,synth-0686,2021
synth-0729,synth-0734,2021
synth-0729,synth-0754,2021
synth-0729,synth-0760,2021
synth-0729,synth-0768,2021
synth-0729,synth-0783,2021
synth-0729,synth-0789,2021
synth-0730,synth-0245,2020
synth-0730,synth-0269,2020
synth-0730,synth-0532,2020
synth-0730,synth-0728,2020
synth-0730,synth-0754,2020
synth-0730,synth-0768,2020
synth-0730,synth-0773,2020
synth-0730,synth-0776,2020
synth-0731,synth-0646,2016
synth-0732,synth-0011,2021
synth-0732,synth-0486,2021
synth-0732,synth-0623,2021
synth-0732,synth-0736,2021
synth-0732,synth-0751,2021
synth-0732,synth-0760,2021
synth-0732,synth-0765,2021
synth-0732,synth-0795,2021
synth-0733,synth-0724,2016
synth-0733,synth-0744,2016
synth-0734,synth-0187,2020
synth-0734,synth-0763,2020
synth-0735,synth-0689,2018
synth-0735,synth-0727,2018
synth-0735,synth-0731,2018
synth-0735,synth-0742,2018
synth-0735,synth-0786,2018
synth-0736,synth-0132,2020
synth-0736,synth-0733,2020
synth-0736,synth-0741,2020
synth-0736,synth-0754,2020
synth-0736,synth-0787,2020
synth-0737,synth-0099,2019
synth-0737,synth-0161,2019
synth-0737,synth-0274,2019
synth-0737,synth-0570,2019
synth-0737,synth-0672,2019
synth-0737,synth-0724,2019
synth-0737,synth-0742,2019
synth-0737,synth-0760,2019
synth-0737,synth-0767,2019
synth-0737,synth-0784,2019
synth-0738,synth-0069,2021
synth-0738,synth-0075,2021
synth-0738,synth-0607,2021
synth-0738,synth-0724,2021
synth-0738,synth-0733,2021
synth-0738,synth-0741,2021
synth-0738,synth-0777,2021
synth-0738,synth-0786,2021
synth-0738,synth-0792,2021
synth-0738,synth-0826,2021
synth-0739,synth-0005,2024
synth-0739,synth-0056,2024
synth-0739,synth-0070,2024
synth-0739,synth-0121,2024
synth-0739,synth-0124,2024
synth-0739,synth-0266,2024
synth-0739,synth-0270,2024
synth-0739,synth-0710,2024
synth-0739,synth-0726,2024
synth-0739,synth-0730,2024
synth-0739,synth-0740,2024
synth-0739,synth-0741,2024
synth-0739,synth-0752,2024
synth-0739,synth-0755,2024
synth-0739,synth-0771,2024
synth-0739,synth-0777,2024
synth-0739,synth-0794,2024
synth-0739,synth-0795,2024
synth-0739,synth-0796,2024
synth-0739,synth-0797,2024
synth-0740,synth-0343,2022
synth-0740,synth-0596,2022
synth-0740,synth-0627,2022
synth-0740,synth-0659,2022
synth-0740,synth-0685,2022
synth-0740,synth-0709,2022
synth-0740,synth-0727,2022
synth-0740,synth-0733,2022
synth-0740,synth-0735,2022
synth-0740,synth-0760,2022
synth-0740,synth-0777,2022
synth-0741,synth-0013,2017
synth-0741,synth-0216,2017
synth-0741,synth-0625,2017
synth-0741,synth-0655,2017
synth-0741,synth-0731,2017
synth-0741,synth-0733,2017
synth-0741,synth-0775,2017
synth-0741,synth-0802,2017
synth-0742,synth-0247,2016
synth-0743,synth-0539,2022
synth-0743,synth-0754,2022
synth-0743,synth-0777,2022
synth-0743,synth-0788,2022
synth-0743,synth-0804,2022
synth-0743,synth-0805,2022
synth-0743,synth-0925,2022
synth-0744,synth-0724,2016
synth-0745,synth-0035,2023
synth-0745,synth-0114,2023
synth-0745,synth-0127,2023
synth-0745,synth-0148,2023
synth-0745,synth-0344,2023
synth-0745,synth-0363,2023
synth-0745,synth-0580,2023
synth-0745,synth-0728,2023
synth-0745,synth-0734,2023
synth-0745,synth-0744,2023
synth-0745,synth-0757,2023
synth-0745,synth-0765,2023
synth-0745,synth-0766,2023
synth-0745,synth-0771,2023
synth-0745,synth-0778,2023
synth-0745,synth-0791,2023
synth-0745,synth-0792,2023
synth-0746,synth-0003,2022
synth-0746,synth-0045,2022
synth-0746,synth-0059,2022
synth-0746,synth-0197,2022
synth-0746,synth-0724,2022
synth-0746,synth-0731,2022
synth-0746,synth-0779,2022
synth-0746,synth-0798,2022
synth-0746,synth-0924,2022
synth-0748,synth-0006,2023
synth-0748,synth-0023,2023
synth-0748,synth-0240,2023
synth-0748,synth-0588,2023
synth-0748,synth-0662,2023
synth-0748,synth-0704,2023
synth-0748,synth-0727,2023
synth-0748,synth-0734,2023
synth-0748,synth-0740,2023
synth-0748,synth-0752,2023
synth-0748,synth-0760,2023
synth-0748,synth-0779,2023
synth-0748,synth-0809,2023
synth-0748,synth-0893,2023
synth-0749,synth-0038,2024
synth-0749,synth-0063,2024
synth-0749,synth-0115,2024
synth-0749,synth-0121,2024
synth-0749,synth-0166,2024
synth-0749,synth-0218,2024
synth-0749,synth-0220,2024
synth-0749,synth-0591,2024
synth-0749,synth-0729,2024
synth-0749,synth-0733,2024
synth-0749,synth-0750,2024
synth-0749,synth-0761,2024
synth-0749,synth-0784,2024
synth-0749,synth-0787,2024
synth-0749,synth-0909,2024
synth-0750,synth-0668,2024
synth-0750,synth-0680,2024
synth-0750,synth-0715,2024
synth-0750,synth-0724,2024
synth-0750,synth-0763,2024
synth-0750,synth-0774,2024
synth-0750,synth-0782,2024
synth-0750,synth-0795,2024
synth-0750,synth-0799,2024
synth-0750,synth-0807,2024
synth-0750,synth-0909,2024
synth-0750,synth-0914,2024
synth-0751,synth-0209,2016
synth-0751,synth-0767,2016
synth-0751,synth-0789,2016
synth-0752,synth-0129,2017
synth-0752,synth-0722,2017
synth-0752,synth-0779,2017
synth-0753,synth-0069,2022
synth-0753,synth-0074,2022
synth-0753,synth-0197,2022
synth-0753,synth-0664,2022
synth-0753,synth-0741,2022
synth-0753,synth-0756,2022
synth-0753,synth-0767,2022
synth-0753,synth-0768,2022
synth-0753,synth-0793,2022
synth-0753,synth-0810,2022
synth-0754,synth-0173,2019
synth-0754,synth-0416,2019
synth-0754,synth-0679,2019
synth-0754,synth-0684,2019
synth-0754,synth-0727,2019
synth-0754,synth-0742,2019
synth-0754,synth-0747,2019
synth-0754,synth-0887,2019
synth-0755,synth-0051,2023
synth-0755,synth-0094,2023
synth-0755,synth-0096,2023
synth-0755,synth-0568,2023
synth-0755,synth-0736,2023
synth-0755,synth-0747,2023
synth-0755,synth-0762,2023
synth-0755,synth-0770,2023
synth-0755,synth-0779,2023
synth-0755,synth-0786,2023
synth-0755,synth-0792,2023
synth-0755,synth-0807,2023
synth-0755,synth-0906,2023
synth-0755,synth-0919,2023
synth-0756,synth-0130,2019
synth-0756,synth-0392,2019
synth-0756,synth-0721,2019
synth-0756,synth-0767,2019
synth-0756,synth-0768,2019
synth-0756,synth-0792,2019
synth-0757,synth-0234,2022
synth-0757,synth-0277,2022
synth-0757,synth-0410,2022
synth-0757,synth-0652,2022
synth-0757,synth-0690,2022
synth-0757,synth-0709,2022
synth-0757,synth-0725,2022
synth-0757,synth-0727,2022
synth-0757,synth-0732,2022
synth-0757,synth-0744,2022
synth-0757,synth-0760,2022
synth-0757,synth-0763,2022
synth-0757,synth-0768,2022
synth-0757,synth-0770,2022
synth-0757,synth-0772,2022
synth-0757,synth-0773,2022
synth-0757,synth-0779,2022
synth-0758,synth-0030,2021
synth-0758,synth-0214,2021
synth-0758,synth-0581,2021
synth-0758,synth-0617,2021
synth-0758,synth-0681,2021
synth-0758,synth-0735,2021
synth-0758,synth-0751,2021
synth-0758,synth-0760,2021
synth-0758,synth-0762,2021
synth-0758,synth-0764,2021
synth-0758,synth-0795,2021
synth-0759,synth-0121,2024
synth-0759,synth-0158,2024
synth-0759,synth-0247,2024
synth-0759,synth-0541,2024
synth-0759,synth-0641,2024
synth-0759,synth-0706,2024
synth-0759,synth-0731,2024
synth-0759,synth-0734,2024
synth-0759,synth-0749,2024
synth-0759,synth-0765,2024
synth-0759,synth-0771,2024
synth-0759,synth-0786,2024
synth-0759,synth-0806,2024
synth-0759,synth-0808,2024
synth-0760,synth-0670,2018
synth-0760,synth-0763,2018
synth-0761,synth-0583,2024
synth-0761,synth-0600,2024
synth-0761,synth-0634,2024
synth-0761,synth-0728,2024
synth-0761,synth-0753,2024
synth-0761,synth-0756,2024
synth-0761,synth-0758,2024
synth-0761,synth-0766,2024
synth-0761,synth-0768,2024
synth-0761,synth-0769,2024
synth-0761,synth-0771,2024
synth-0761,synth-0772,2024
synth-0761,synth-0792,2024
synth-0761,synth-0795,2024
synth-0761,synth-0808,2024
synth-0761,synth-0875,2024
synth-0761,synth-0906,2024
synth-0762,synth-0113,2021
synth-0762,synth-0123,2021
synth-0762,synth-0129,2021
synth-0762,synth-0288,2021
synth-0762,synth-0562,2021
synth-0762,synth-0564,2021
synth-0762,synth-0652,2021
synth-0762,synth-0728,2021
synth-0762,synth-0735,2021
synth-0762,synth-0741,2021
synth-0762,synth-0763,2021
synth-0762,synth-0788,2021
synth-0763,synth-0585,2018
synth-0763,synth-0771,2018
synth-0763,synth-0779,2018
synth-0763,synth-0789,2018
synth-0764,synth-0255,2021
synth-0764,synth-0565,2021
synth-0764,synth-0731,2021
synth-0764,synth-0734,2021
synth-0764,synth-0760,2021
synth-0764,synth-0765,2021
synth-0764,synth-0772,2021
synth-0764,synth-0795,2021
synth-0764,synth-0799,2021
synth-0765,synth-0005,2020
synth-0765,synth-0168,2020
synth-0765,synth-0255,2020
synth-0765,synth-0261,2020
synth-0765,synth-0440,2020
synth-0765,synth-0588,2020
synth-0765,synth-0730,2020
synth-0765,synth-0768,2020
synth-0765,synth-0774,2020
synth-0765,synth-0778,2020
synth-0765,synth-0779,2020
synth-0765,synth-0786,2020
synth-0765,synth-0800,2020
synth-0765,synth-0804,2020
synth-0766,synth-0051,2022
synth-0766,synth-0218,2022
synth-0766,synth-0728,2022
synth-0766,synth-0747,2022
synth-0766,synth-0757,2022
synth-0766,synth-0769,2022
synth-0766,synth-0778,2022
synth-0766,synth-0788,2022
synth-0767,synth-0707,2016
synth-0768,synth-0011,2019
synth-0768,synth-0027,2019
synth-0768,synth-0250,2019
synth-0768,synth-0716,2019
synth-0768,synth-0724,2019
synth-0769,synth-0077,2022
synth-0769,synth-0106,2022
synth-0769,synth-0141,2022
synth-0769,synth-0148,2022
synth-0769,synth-0188,2022
synth-0769,synth-0765,2022
synth-0769,synth-0782,2022
synth-0769,synth-0793,2022
synth-0769,synth-0805,2022
synth-0770,synth-0016,2022
synth-0770,synth-0086,2022
synth-0770,synth-0138,2022
synth-0770,synth-0167,2022
synth-0770,synth-0194,2022
synth-0770,synth-0253,2022
synth-0770,synth-0259,2022
synth-0770,synth-0282,2022
synth-0770,synth-0380,2022
synth-0770,synth-0563,2022
synth-0770,synth-0700,2022
synth-0770,synth-0732,2022
synth-0770,synth-0738,2022
synth-0770,synth-0740,2022
synth-0770,synth-0757,2022
synth-0770,synth-0774,2022
synth-0770,synth-0784,2022
synth-0770,synth-0925,2022
synth-0771,synth-0562,2018
synth-0771,synth-0658,2018
synth-0771,synth-0728,2018
synth-0771,synth-0781,2018
synth-0771,synth-0786,2018
synth-0771,synth-0802,2018
synth-0772,synth-0448,2016
synth-0773,synth-0231,2019
synth-0773,synth-0737,2019
synth-0773,synth-0776,2019
synth-0773,synth-0789,2019
synth-0773,synth-0792,2019
synth-0773,synth-0795,2019
synth-0774,synth-0023,2019
synth-0774,synth-0104,2019
synth-0774,synth-0198,2019
synth-0774,synth-0234,2019
synth-0774,synth-0463,2019
synth-0774,synth-0673,2019
synth-0774,synth-0735,2019
synth-0774,synth-0756,2019
synth-0774,synth-0776,2019
synth-0774,synth-0784,2019
synth-0774,synth-0804,2019
synth-0775,synth-0137,2017
synth-0775,synth-0722,2017
synth-0775,synth-0742,2017
synth-0775,synth-0767,2017
synth-0775,synth-0802,2017
synth-0776,synth-0030,2019
synth-0776,synth-0038,2019
synth-0776,synth-0597,2019
synth-0776,synth-0619,2019
synth-0776,synth-0671,2019
synth-0776,synth-0733,2019
synth-0776,synth-0737,2019
synth-0776,synth-0741,2019
synth-0776,synth-0752,2019
synth-0776,synth-0771,2019
synth-0776,synth-0779,2019
synth-0776,synth-0792,2019
synth-0777,synth-0004,2021
synth-0777,synth-0081,2021
synth-0777,synth-0095,2021
synth-0777,synth-0580,2021
synth-0777,synth-0730,2021
synth-0777,synth-0762,2021
synth-0777,synth-0908,2021
synth-0777,synth-0909,2021
synth-0778,synth-0014,2020
synth-0778,synth-0092,2020
synth-0778,synth-0120,2020
synth-0778,synth-0276,2020
synth-0778,synth-0754,2020
synth-0778,synth-0763,2020
synth-0779,synth-0744,2017
synth-0779,synth-0789,2017
synth-0780,synth-0022,2024
synth-0780,synth-0051,2024
synth-0780,synth-0055,2024
synth-0780,synth-0084,2024
synth-0780,synth-0179,2024
synth-0780,synth-0469,2024
synth-0780,synth-0650,2024
synth-0780,synth-0726,2024
synth-0780,synth-0730,2024
synth-0780,synth-0733,2024
synth-0780,synth-0734,2024
synth-0780,synth-0742,2024
synth-0780,synth-0755,2024
synth-0780,synth-0767,2024
synth-0780,synth-0771,2024
synth-0780,synth-0778,2024
synth-0780,synth-0781,2024
synth-0780,synth-0782,2024
synth-0780,synth-0791,2024
synth-0780,synth-0805,2024
synth-0780,synth-0909,2024
synth-0780,synth-0928,2024
synth-0782,synth-0724,2016
synth-0782,synth-0733,2016
synth-0783,synth-0135,2021
synth-0783,synth-0203,2021
synth-0783,synth-0645,2021
synth-0783,synth-0725,2021
synth-0783,synth-0747,2021
synth-0783,synth-0752,2021
synth-0783,synth-0768,2021
synth-0783,synth-0778,2021
synth-0783,synth-0782,2021
synth-0784,synth-0102,2017
synth-0784,synth-0722,2017
synth-0784,synth-0724,2017
synth-0784,synth-0728,2017
synth-0784,synth-0741,2017
synth-0784,synth-0742,2017
synth-0784,synth-0751,2017
synth-0784,synth-0789,2017
synth-0785,synth-0142,2021
synth-0785,synth-0170,2021
synth-0785,synth-0183,2021
synth-0785,synth-0245,2021
synth-0785,synth-0251,2021
synth-0785,synth-0253,2021
synth-0785,synth-0381,2021
synth-0785,synth-0575,2021
synth-0785,synth-0691,2021
synth-0785,synth-0729,2021
synth-0785,synth-0751,2021
synth-0785,synth-0754,2021
synth-0785,synth-0787,2021
synth-0785,synth-0788,2021
synth-0785,synth-0798,2021
synth-0785,synth-0802,2021
synth-0785,synth-0804,2021
synth-0785,synth-0887,2021
synth-0786,synth-0063,2018
synth-0786,synth-0644,2018
synth-0786,synth-0703,2018
synth-0786,synth-0735,2018
synth-0786,synth-0760,2018
synth-0786,synth-0775,2018
synth-0786,synth-0784,2018
synth-0786,synth-0789,2018
synth-0787,synth-0041,2017
synth-0787,synth-0767,2017
synth-0788,synth-0157,2021
synth-0788,synth-0187,2021
synth-0788,synth-0276,2021
synth-0788,synth-0747,2021
synth-0788,synth-0756,2021
synth-0788,synth-0762,2021
synth-0788,synth-0771,2021
synth-0788,synth-0774,2021
synth-0788,synth-0784,2021
synth-0788,synth-0787,2021
synth-0788,synth-0789,2021
synth-0788,synth-0803,2021
synth-0789,synth-0050,2016
synth-0789,synth-0082,2016
synth-0789,synth-0772,2016
synth-0790,synth-0005,2024
synth-0790,synth-0015,2024
synth-0790,synth-0031,2024
synth-0790,synth-0048,2024
synth-0790,synth-0139,2024
synth-0790,synth-0223,2024
synth-0790,synth-0585,2024
synth-0790,synth-0624,2024
synth-0790,synth-0651,2024
synth-0790,synth-0722,2024
synth-0790,synth-0744,2024
synth-0790,synth-0759,2024
synth-0790,synth-0768,2024
synth-0790,synth-0769,2024
synth-0790,synth-0775,2024
synth-0790,synth-0776,2024
synth-0790,synth-0792,2024
synth-0790,synth-0794,2024
synth-0790,synth-0803,2024
synth-0790,synth-0908,2024
synth-0790,synth-0909,2024
synth-0791,synth-0223,2022
synth-0791,synth-0318,2022
synth-0791,synth-0571,2022
synth-0791,synth-0741,2022
synth-0791,synth-0757,2022
synth-0791,synth-0777,2022
synth-0791,synth-0805,2022
synth-0792,synth-0058,2019
synth-0792,synth-0165,2019
synth-0792,synth-0168,2019
synth-0792,synth-0625,2019
synth-0792,synth-0760,2019
synth-0792,synth-0786,2019
synth-0792,synth-0801,2019
synth-0793,synth-0105,2021
synth-0793,synth-0129,2021
synth-0793,synth-0138,2021
synth-0793,synth-0156,2021
synth-0793,synth-0188,2021
synth-0793,synth-0286,2021
synth-0793,synth-0572,2021
synth-0793,synth-0692,2021
synth-0793,synth-0728,2021
synth-0793,synth-0730,2021
synth-0793,synth-0781,2021
synth-0793,synth-0784,2021
synth-0793,synth-0925,2021
synth-0794,synth-0154,2024
synth-0794,synth-0217,2024
synth-0794,synth-0252,2024
synth-0794,synth-0695,2024
synth-0794,synth-0698,2024
synth-0794,synth-0724,2024
synth-0794,synth-0734,2024
synth-0794,synth-0745,2024
synth-0794,synth-0749,2024
synth-0794,synth-0764,2024
synth-0794,synth-0769,2024
synth-0794,synth-0776,2024
synth-0794,synth-0783,2024
synth-0794,synth-0786,2024
synth-0794,synth-0789,2024
synth-0794,synth-0809,2024
synth-0795,synth-0017,2018
synth-0795,synth-0213,2018
synth-0795,synth-0487,2018
synth-0795,synth-0784,2018
synth-0795,synth-0802,2018
synth-0795,synth-0804,2018
synth-0796,synth-0133,2024
synth-0796,synth-0223,2024
synth-0796,synth-0233,2024
synth-0796,synth-0494,2024
synth-0796,synth-0544,2024
synth-0796,synth-0736,2024
synth-0796,synth-0756,2024
synth-0796,synth-0787,2024
synth-0796,synth-0806,2024
synth-0797,synth-0047,2023
synth-0797,synth-0576,2023
synth-0797,synth-0666,2023
synth-0797,synth-0763,2023
synth-0797,synth-0772,2023
synth-0797,synth-0789,2023
synth-0797,synth-0793,2023
synth-0797,synth-0901,2023
synth-0798,synth-0684,2021
synth-0798,synth-0721,2021
synth-0798,synth-0729,2021
synth-0798,synth-0752,2021
synth-0798,synth-0756,2021
synth-0798,synth-0762,2021
synth-0798,synth-0777,2021
synth-0798,synth-0778,2021
synth-0798,synth-0795,2021
synth-0798,synth-0800,2021
synth-0798,synth-0803,2021
synth-0798,synth-0805,2021
synth-0798,synth-0810,2021
synth-0799,synth-0029,2021
synth-0799,synth-0722,2021
synth-0799,synth-0730,2021
synth-0799,synth-0735,2021
synth-0799,synth-0742,2021
synth-0799,synth-0754,2021
synth-0799,synth-0762,2021
synth-0799,synth-0774,2021
synth-0799,synth-0795,2021
synth-0799,synth-0906,2021
synth-0799,synth-0909,2021
synth-0800,synth-0168,2020
synth-0800,synth-0206,2020
synth-0800,synth-0698,2020
synth-0800,synth-0768,2020
synth-0800,synth-0782,2020
synth-0800,synth-0784,2020
synth-0800,synth-0805,2020
synth-0801,synth-0215,2018
synth-0801,synth-0598,2018
synth-0801,synth-0671,2018
synth-0801,synth-0789,2018
synth-0801,synth-0810,2018
synth-0802,synth-0254,2017
synth-0802,synth-0742,2017
synth-0802,synth-0772,2017
synth-0802,synth-0782,2017
synth-0803,synth-0202,2021
synth-0803,synth-0600,2021
synth-0803,synth-0721,2021
synth-0803,synth-0756,2021
synth-0803,synth-0763,2021
synth-0803,synth-0767,2021
synth-0803,synth-0776,2021
synth-0803,synth-0793,2021
synth-0803,synth-0795,2021
synth-0803,synth-0801,2021
synth-0803,synth-0925,2021
synth-0804,synth-0036,2018
synth-0804,synth-0102,2018
synth-0804,synth-0138,2018
synth-0804,synth-0257,2018
synth-0804,synth-0733,2018
synth-0804,synth-0742,2018
synth-0804,synth-0779,2018
synth-0804,synth-0810,2018
synth-0805,synth-0045,2020
synth-0805,synth-0082,2020
synth-0805,synth-0114,2020
synth-0805,synth-0136,2020
synth-0805,synth-0754,2020
synth-0805,synth-0760,2020
synth-0805,synth-0800,2020
synth-0805,synth-0802,2020
synth-0805,synth-0806,2020
synth-0806,synth-0057,2019
synth-0806,synth-0156,2019
synth-0806,synth-0265,2019
synth-0806,synth-0691,2019
synth-0806,synth-0705,2019
synth-0806,synth-0754,2019
synth-0806,synth-0763,2019
synth-0806,synth-0768,2019
synth-0806,synth-0779,2019
synth-0807,synth-0252,2023
synth-0807,synth-0267,2023
synth-0807,synth-0583,2023
synth-0807,synth-0605,2023
synth-0807,synth-0705,2023
synth-0807,synth-0734,2023
synth-0807,synth-0770,2023
synth-0807,synth-0792,2023
synth-0807,synth-0810,2023
synth-0807,synth-0901,2023
synth-0807,synth-0928,2023
synth-0808,synth-0389,2023
synth-0808,synth-0567,2023
synth-0808,synth-0606,2023
synth-0808,synth-0629,2023
synth-0808,synth-0659,2023
synth-0808,synth-0695,2023
synth-0808,synth-0760,2023
synth-0808,synth-0777,2023
synth-0808,synth-0782,2023
synth-0808,synth-0783,2023
synth-0808,synth-0784,2023
synth-0809,synth-0065,2023
synth-0809,synth-0162,2023
synth-0809,synth-0175,2023
synth-0809,synth-0226,2023
synth-0809,synth-0244,2023
synth-0809,synth-0583,2023
synth-0809,synth-0649,2023
synth-0809,synth-0737,2023
synth-0809,synth-0766,2023
synth-0809,synth-0783,2023
synth-0809,synth-0795,2023
synth-0809,synth-0807,2023
synth-0810,synth-0091,2018
synth-0810,synth-0141,2018
synth-0810,synth-0201,2018
synth-0810,synth-0724,2018
synth-0810,synth-0741,2018
synth-0811,synth-0096,2018
synth-0811,synth-0220,2018
synth-0811,synth-0631,2018
synth-0811,synth-0820,2018
synth-0812,synth-0101,2017
synth-0812,synth-0816,2017
synth-0812,synth-0837,2017
synth-0812,synth-0872,2017
synth-0812,synth-0874,2017
synth-0812,synth-0887,2017
synth-0813,synth-0621,2017
synth-0813,synth-0837,2017
synth-0813,synth-0859,2017
synth-0813,synth-0883,2017
synth-0814,synth-0027,2020
synth-0814,synth-0072,2020
synth-0814,synth-0114,2020
synth-0814,synth-0652,2020
synth-0814,synth-0818,2020
synth-0814,synth-0847,2020
synth-0814,synth-0852,2020
synth-0814,synth-0857,2020
synth-0814,synth-0862,2020
synth-0814,synth-0880,2020
synth-0814,synth-0918,2020
synth-0815,synth-0014,2022
synth-0815,synth-0102,2022
synth-0815,synth-0240,2022
synth-0815,synth-0332,2022
synth-0815,synth-0539,2022
synth-0815,synth-0628,2022
synth-0815,synth-0658,2022
synth-0815,synth-0714,2022
synth-0815,synth-0814,2022
synth-0815,synth-0818,2022
synth-0815,synth-0822,2022
synth-0815,synth-0824,2022
synth-0815,synth-0832,2022
synth-0815,synth-0834,2022
synth-0815,synth-0844,2022
synth-0815,synth-0847,2022
synth-0815,synth-0862,2022
synth-0815,synth-0874,2022
synth-0815,synth-0895,2022
synth-0815,synth-0898,2022
synth-0815,synth-0900,2022
synth-0816,synth-0541,2017
synth-0816,synth-0837,2017
synth-0816,synth-0863,2017
synth-0816,synth-0883,2017
synth-0817,synth-0167,2022
synth-0817,synth-0483,2022
synth-0817,synth-0632,2022
synth-0817,synth-0691,2022
synth-0817,synth-0837,2022
synth-0817,synth-0871,2022
synth-0817,synth-0873,2022
synth-0817,synth-0892,2022
synth-0818,synth-0045,2019
synth-0818,synth-0101,2019
synth-0818,synth-0113,2019
synth-0818,synth-0183,2019
synth-0818,synth-0254,2019
synth-0818,synth-0265,2019
synth-0818,synth-0820,2019
synth-0818,synth-0837,2019
synth-0818,synth-0863,2019
synth-0818,synth-0866,2019
synth-0818,synth-0881,2019
synth-0818,synth-0891,2019
synth-0819,synth-0205,2023
synth-0819,synth-0570,2023
synth-0819,synth-0703,2023
synth-0819,synth-0757,2023
synth-0819,synth-0836,2023
synth-0819,synth-0844,2023
synth-0819,synth-0855,2023
synth-0819,synth-0876,2023
synth-0819,synth-0879,2023
synth-0819,synth-0891,2023
synth-0819,synth-0892,2023
synth-0820,synth-0646,2018
synth-0820,synth-0811,2018
synth-0820,synth-0836,2018
synth-0820,synth-0871,2018
synth-0821,synth-0668,2021
synth-0821,synth-0693,2021
synth-0821,synth-0811,2021
synth-0821,synth-0830,2021
synth-0821,synth-0831,2021
synth-0821,synth-0837,2021
synth-0821,synth-0843,2021
synth-0821,synth-0862,2021
synth-0821,synth-0887,2021
synth-0821,synth-0891,2021
synth-0821,synth-0893,2021
synth-0822,synth-0197,2017
synth-0822,synth-0687,2017
synth-0822,synth-0873,2017
synth-0822,synth-0883,2017
synth-0823,synth-0047,2024
synth-0823,synth-0184,2024
synth-0823,synth-0380,2024
synth-0823,synth-0623,2024
synth-0823,synth-0718,2024
synth-0823,synth-0831,2024
synth-0823,synth-0832,2024
synth-0823,synth-0841,2024
synth-0823,synth-0850,2024
synth-0823,synth-0859,2024
synth-0823,synth-0869,2024
synth-0823,synth-0890,2024
synth-0823,synth-0898,2024
synth-0823,synth-0900,2024
synth-0823,synth-0913,2024
synth-0824,synth-0029,2016
synth-0824,synth-0863,2016
synth-0825,synth-0027,2020
synth-0825,synth-0347,2020
synth-0825,synth-0480,2020
synth-0825,synth-0811,2020
synth-0825,synth-0820,2020
synth-0825,synth-0822,2020
synth-0825,synth-0837,2020
synth-0825,synth-0847,2020
synth-0825,synth-0863,2020
synth-0825,synth-0875,2020
synth-0825,synth-0895,2020
synth-0825,synth-0898,2020
synth-0825,synth-0918,2020
synth-0826,synth-0254,2017
synth-0826,synth-0812,2017
synth-0827,synth-0197,2016
synth-0827,synth-0565,2016
synth-0827,synth-0644,2016
synth-0827,synth-0862,2016
synth-0828,synth-0036,2022
synth-0828,synth-0101,2022
synth-0828,synth-0687,2022
synth-0828,synth-0832,2022
synth-0828,synth-0837,2022
synth-0828,synth-0852,2022
synth-0828,synth-0869,2022
synth-0828,synth-0887,2022
synth-0828,synth-0895,2022
synth-0828,synth-0912,2022
synth-0829,synth-0001,2023
synth-0829,synth-0068,2023
synth-0829,synth-0143,2023
synth-0829,synth-0526,2023
synth-0829,synth-0567,2023
synth-0829,synth-0592,2023
synth-0829,synth-0596,2023
synth-0829,synth-0609,2023
synth-0829,synth-0817,2023
synth-0829,synth-0827,2023
synth-0829,synth-0837,2023
synth-0829,synth-0842,2023
synth-0829,synth-0843,2023
synth-0829,synth-0880,2023
synth-0829,synth-0888,2023
synth-0829,synth-0898,2023
synth-0829,synth-0920,2023
synth-0829,synth-0921,2023
synth-0830,synth-0223,2016
synth-0830,synth-0410,2016
synth-0830,synth-0876,2016
synth-0831,synth-0597,2017
synth-0831,synth-0812,2017
synth-0831,synth-0876,2017
synth-0832,synth-0347,2016
synth-0832,synth-0824,2016
synth-0832,synth-0875,2016
synth-0833,synth-0211,2024
synth-0833,synth-0249,2024
synth-0833,synth-0280,2024
synth-0833,synth-0640,2024
synth-0833,synth-0815,2024
synth-0833,synth-0827,2024
synth-0833,synth-0840,2024
synth-0833,synth-0853,2024
synth-0833,synth-0855,2024
synth-0833,synth-0860,2024
synth-0833,synth-0862,2024
synth-0833,synth-0877,2024
synth-0833,synth-0882,2024
synth-0833,synth-0889,2024
synth-0833,synth-0898,2024
synth-0833,synth-0902,2024
synth-0833,synth-0910,2024
synth-0834,synth-0082,2020
synth-0834,synth-0120,2020
synth-0834,synth-0705,2020
synth-0834,synth-0831,2020
synth-0834,synth-0857,2020
synth-0834,synth-0858,2020
synth-0834,synth-0887,2020
synth-0834,synth-0908,2020
synth-0835,synth-0110,2024
synth-0835,synth-0116,2024
synth-0835,synth-0300,2024
synth-0835,synth-0635,2024
synth-0835,synth-0690,2024
synth-0835,synth-0841,2024
synth-0835,synth-0851,2024
synth-0835,synth-0863,2024
synth-0835,synth-0864,2024
synth-0835,synth-0877,2024
synth-0835,synth-0879,2024
synth-0835,synth-0890,2024
synth-0835,synth-0919,2024
synth-0835,synth-0921,2024
synth-0836,synth-0102,2018
synth-0836,synth-0837,2018
synth-0837,synth-0246,2017
synth-0837,synth-0871,2017
synth-0838,synth-0166,2020
synth-0838,synth-0209,2020
synth-0838,synth-0816,2020
synth-0838,synth-0837,2020
synth-0838,synth-0873,2020
synth-0838,synth-0876,2020
synth-0839,synth-0816,2017
synth-0839,synth-0826,2017
synth-0839,synth-0869,2017
synth-0839,synth-0881,2017
synth-0840,synth-0044,2024
synth-0840,synth-0061,2024
synth-0840,synth-0075,2024
synth-0840,synth-0130,2024
synth-0840,synth-0211,2024
synth-0840,synth-0478,2024
synth-0840,synth-0553,2024
synth-0840,synth-0648,2024
synth-0840,synth-0827,2024
synth-0840,synth-0831,2024
synth-0840,synth-0837,2024
synth-0840,synth-0842,2024
synth-0840,synth-0869,2024
synth-0840,synth-0872,2024
synth-0840,synth-0892,2024
synth-0840,synth-0912,2024
synth-0841,synth-0006,2023
synth-0841,synth-0103,2023
synth-0841,synth-0109,2023
synth-0841,synth-0116,2023
synth-0841,synth-0238,2023
synth-0841,synth-0251,2023
synth-0841,synth-0411,2023
synth-0841,synth-0671,2023
synth-0841,synth-0818,2023
synth-0841,synth-0822,2023
synth-0841,synth-0842,2023
synth-0841,synth-0864,2023
synth-0841,synth-0866,2023
synth-0841,synth-0871,2023
synth-0841,synth-0873,2023
synth-0841,synth-0876,2023
synth-0841,synth-0893,2023
synth-0841,synth-0894,2023
synth-0841,synth-0910,2023
synth-0842,synth-0190,2019
synth-0842,synth-0214,2019
synth-0842,synth-0811,2019
synth-0842,synth-0820,2019
synth-0842,synth-0836,2019
synth-0842,synth-0873,2019
synth-0842,synth-0891,2019
synth-0842,synth-0894,2019
synth-0843,synth-0113,2021
synth-0843,synth-0137,2021
synth-0843,synth-0173,2021
synth-0843,synth-0436,2021
synth-0843,synth-0818,2021
synth-0843,synth-0827,2021
synth-0843,synth-0889,2021
synth-0843,synth-0893,2021
synth-0844,synth-0137,2019
synth-0844,synth-0176,2019
synth-0844,synth-0581,2019
synth-0844,synth-0588,2019
synth-0844,synth-0813,2019
synth-0844,synth-0842,2019
synth-0844,synth-0866,2019
synth-0844,synth-0868,2019
synth-0844,synth-0880,2019
synth-0844,synth-0918,2019
synth-0845,synth-0006,2022
synth-0845,synth-0700,2022
synth-0845,synth-0827,2022
synth-0845,synth-0828,2022
synth-0845,synth-0851,2022
synth-0845,synth-0864,2022
synth-0845,synth-0866,2022
synth-0845,synth-0879,2022
synth-0845,synth-0893,2022
synth-0846,synth-0072,2024
synth-0846,synth-0118,2024
synth-0846,synth-0191,2024
synth-0846,synth-0211,2024
synth-0846,synth-0246,2024
synth-0846,synth-0567,2024
synth-0846,synth-0581,2024
synth-0846,synth-0588,2024
synth-0846,synth-0647,2024
synth-0846,synth-0665,2024
synth-0846,synth-0820,2024
synth-0846,synth-0824,2024
synth-0846,synth-0829,2024
synth-0846,synth-0839,2024
synth-0846,synth-0841,2024
synth-0846,synth-0852,2024
synth-0846,synth-0869,2024
synth-0846,synth-0872,2024
synth-0846,synth-0880,2024
synth-0846,synth-0895,2024
synth-0846,synth-0897,2024
synth-0846,synth-0898,2024
synth-0847,synth-0824,2016
synth-0848,synth-0821,2021
synth-0848,synth-0836,2021
synth-0848,synth-0852,2021
synth-0848,synth-0863,2021
synth-0848,synth-0864,2021
synth-0848,synth-0892,2021
synth-0848,synth-0900,2021
synth-0849,synth-0020,2023
synth-0849,synth-0050,2023
synth-0849,synth-0142,2023
synth-0849,synth-0143,2023
synth-0849,synth-0144,2023
synth-0849,synth-0176,2023
synth-0849,synth-0336,2023
synth-0849,synth-0694,2023
synth-0849,synth-0713,2023
synth-0849,synth-0811,2023
synth-0849,synth-0814,2023
synth-0849,synth-0821,2023
synth-0849,synth-0825,2023
synth-0849,synth-0826,2023
synth-0849,synth-0862,2023
synth-0849,synth-0871,2023
synth-0849,synth-0891,2023
synth-0849,synth-0918,2023
synth-0850,synth-0018,2024
synth-0850,synth-0082,2024
synth-0850,synth-0165,2024
synth-0850,synth-0178,2024
synth-0850,synth-0201,2024
synth-0850,synth-0584,2024
synth-0850,synth-0588,2024
synth-0850,synth-0590,2024
synth-0850,synth-0814,2024
synth-0850,synth-0842,2024
synth-0850,synth-0876,2024
synth-0850,synth-0878,2024
synth-0850,synth-0880,2024
synth-0850,synth-0893,2024
synth-0850,synth-0898,2024
synth-0850,synth-0911,2024
synth-0851,synth-0124,2016
synth-0851,synth-0824,2016
synth-0852,synth-0057,2019
synth-0852,synth-0087,2019
synth-0852,synth-0836,2019
synth-0852,synth-0851,2019
synth-0852,synth-0883,2019
synth-0852,synth-0888,2019
synth-0852,synth-0891,2019
synth-0853,synth-0110,2023
synth-0853,synth-0113,2023
synth-0853,synth-0145,2023
synth-0853,synth-0863,2023
synth-0853,synth-0869,2023
synth-0853,synth-0871,2023
synth-0853,synth-0881,2023
synth-0853,synth-0924,2023
synth-0853,synth-0926,2023
synth-0854,synth-0185,2023
synth-0854,synth-0586,2023
synth-0854,synth-0630,2023
synth-0854,synth-0713,2023
synth-0854,synth-0818,2023
synth-0854,synth-0819,2023
synth-0854,synth-0824,2023
synth-0854,synth-0861,2023
synth-0854,synth-0866,2023
synth-0854,synth-0875,2023
synth-0854,synth-0882,2023
synth-0855,synth-0154,2023
synth-0855,synth-0261,2023
synth-0855,synth-0707,2023
synth-0855,synth-0718,2023
synth-0855,synth-0818,2023
synth-0855,synth-0825,2023
synth-0855,synth-0832,2023
synth-0855,synth-0848,2023
synth-0855,synth-0853,2023
synth-0855,synth-0871,2023
synth-0855,synth-0873,2023
synth-0855,synth-0879,2023
synth-0855,synth-0884,2023
synth-0856,synth-0216,2019
synth-0856,synth-0227,2019
synth-0856,synth-0619,2019
synth-0856,synth-0813,2019
synth-0856,synth-0818,2019
synth-0856,synth-0827,2019
synth-0856,synth-0837,2019
synth-0856,synth-0842,2019
synth-0856,synth-0847,2019
synth-0856,synth-0887,2019
synth-0856,synth-0891,2019
synth-0856,synth-0894,2019
synth-0857,synth-0084,2020
synth-0857,synth-0814,2020
synth-0857,synth-0831,2020
synth-0857,synth-0871,2020
synth-0857,synth-0881,2020
synth-0858,synth-0092,2020
synth-0858,synth-0114,2020
synth-0858,synth-0162,2020
synth-0858,synth-0518,2020
synth-0858,synth-0521,2020
synth-0858,synth-0562,2020
synth-0858,synth-0662,2020
synth-0858,synth-0685,2020
synth-0858,synth-0825,2020
synth-0858,synth-0834,2020
synth-0858,synth-0918,2020
synth-0859,synth-0812,2017
synth-0859,synth-0830,2017
synth-0859,synth-0832,2017
synth-0859,synth-0862,2017
synth-0859,synth-0871,2017
synth-0860,synth-0019,2024
synth-0860,synth-0030,2024
synth-0860,synth-0064,2024
synth-0860,synth-0102,2024
synth-0860,synth-0152,2024
synth-0860,synth-0200,2024
synth-0860,synth-0228,2024
synth-0860,synth-0365,2024
synth-0860,synth-0555,2024
synth-0860,synth-0576,2024
synth-0860,synth-0598,2024
synth-0860,synth-0643,2024
synth-0860,synth-0656,2024
synth-0860,synth-0680,2024
synth-0860,synth-0827,2024
synth-0860,synth-0844,2024
synth-0860,synth-0845,2024
synth-0860,synth-0853,2024
synth-0860,synth-0856,2024
synth-0860,synth-0899,2024
synth-0860,synth-0913,2024
synth-0860,synth-0921,2024
synth-0861,synth-0120,2021
synth-0861,synth-0157,2021
synth-0861,synth-0660,2021
synth-0861,synth-0672,2021
synth-0861,synth-0822,2021
synth-0861,synth-0824,2021
synth-0861,synth-0866,2021
synth-0861,synth-0900,2021
synth-0861,synth-0918,2021
synth-0862,synth-0572,2016
synth-0862,synth-0847,2016
synth-0862,synth-0876,2016
synth-0862,synth-0880,2016
synth-0863,synth-0827,2016
synth-0863,synth-0862,2016
synth-0864,synth-0003,2020
synth-0864,synth-0132,2020
synth-0864,synth-0191,2020
synth-0864,synth-0668,2020
synth-0864,synth-0820,2020
synth-0864,synth-0822,2020
synth-0864,synth-0874,2020
synth-0864,synth-0883,2020
synth-0864,synth-0893,2020
synth-0865,synth-0077,2024
synth-0865,synth-0194,2024
synth-0865,synth-0215,2024
synth-0865,synth-0260,2024
synth-0865,synth-0545,2024
synth-0865,synth-0584,2024
synth-0865,synth-0622,2024
synth-0865,synth-0673,2024
synth-0865,synth-0754,2024
synth-0865,synth-0814,2024
synth-0865,synth-0829,2024
synth-0865,synth-0830,2024
synth-0865,synth-0832,2024
synth-0865,synth-0858,2024
synth-0865,synth-0881,2024
synth-0865,synth-0885,2024
synth-0866,synth-0176,2019
synth-0866,synth-0818,2019
synth-0866,synth-0839,2019
synth-0866,synth-0875,2019
synth-0867,synth-0171,2022
synth-0867,synth-0216,2022
synth-0867,synth-0255,2022
synth-0867,synth-0351,2022
synth-0867,synth-0405,2022
synth-0867,synth-0671,2022
synth-0867,synth-0813,2022
synth-0867,synth-0824,2022
synth-0867,synth-0847,2022
synth-0867,synth-0856,2022
synth-0867,synth-0873,2022
synth-0867,synth-0879,2022
synth-0867,synth-0880,2022
synth-0867,synth-0885,2022
synth-0867,synth-0888,2022
synth-0867,synth-0894,2022
synth-0868,synth-0209,2019
synth-0868,synth-0254,2019
synth-0868,synth-0670,2019
synth-0868,synth-0812,2019
synth-0868,synth-0830,2019
synth-0868,synth-0839,2019
synth-0868,synth-0892,2019
synth-0870,synth-0114,2024
synth-0870,synth-0152,2024
synth-0870,synth-0198,2024
synth-0870,synth-0381,2024
synth-0870,synth-0564,2024
synth-0870,synth-0601,2024
synth-0870,synth-0661,2024
synth-0870,synth-0703,2024
synth-0870,synth-0812,2024
synth-0870,synth-0821,2024
synth-0870,synth-0826,2024
synth-0870,synth-0850,2024
synth-0870,synth-0863,2024
synth-0870,synth-0872,2024
synth-0870,synth-0877,2024
synth-0870,synth-0883,2024
synth-0870,synth-0890,2024
synth-0870,synth-0893,2024
synth-0870,synth-0894,2024
synth-0870,synth-0896,2024
synth-0871,synth-0099,2017
synth-0871,synth-0813,2017
synth-0872,synth-0058,2017
synth-0872,synth-0209,2017
synth-0872,synth-0626,2017
synth-0872,synth-0832,2017
synth-0872,synth-0851,2017
synth-0872,synth-0859,2017
synth-0872,synth-0862,2017
synth-0872,synth-0869,2017
synth-0873,synth-0038,2017
synth-0873,synth-0129,2017
synth-0873,synth-0246,2017
synth-0873,synth-0822,2017
synth-0873,synth-0832,2017
synth-0873,synth-0863,2017
synth-0874,synth-0872,2017
synth-0874,synth-0880,2017
synth-0875,synth-0216,2016
synth-0876,synth-0112,2016
synth-0876,synth-0883,2016
synth-0877,synth-0191,2020
synth-0877,synth-0608,2020
synth-0877,synth-0820,2020
synth-0877,synth-0827,2020
synth-0877,synth-0858,2020
synth-0877,synth-0866,2020
synth-0877,synth-0888,2020
synth-0878,synth-0030,2021
synth-0878,synth-0095,2021
synth-0878,synth-0104,2021
synth-0878,synth-0227,2021
synth-0878,synth-0245,2021
synth-0878,synth-0269,2021
synth-0878,synth-0821,2021
synth-0878,synth-0847,2021
synth-0878,synth-0861,2021
synth-0878,synth-0874,2021
synth-0878,synth-0889,2021
synth-0879,synth-0124,2022
synth-0879,synth-0542,2022
synth-0879,synth-0832,2022
synth-0879,synth-0851,2022
synth-0879,synth-0873,2022
synth-0879,synth-0874,2022
synth-0881,synth-0830,2017
synth-0881,synth-0831,2017
synth-0882,synth-0172,2023
synth-0882,synth-0175,2023
synth-0882,synth-0186,2023
synth-0882,synth-0207,2023
synth-0882,synth-0251,2023
synth-0882,synth-0626,2023
synth-0882,synth-0663,2023
synth-0882,synth-0826,2023
synth-0882,synth-0848,2023
synth-0882,synth-0852,2023
synth-0882,synth-0858,2023
synth-0882,synth-0878,2023
synth-0882,synth-0888,2023
synth-0884,synth-0100,2023
synth-0884,synth-0118,2023
synth-0884,synth-0159,2023
synth-0884,synth-0205,2023
synth-0884,synth-0263,2023
synth-0884,synth-0690,2023
synth-0884,synth-0706,2023
synth-0884,synth-0717,2023
synth-0884,synth-0814,2023
synth-0884,synth-0818,2023
synth-0884,synth-0827,2023
synth-0884,synth-0834,2023
synth-0884,synth-0841,2023
synth-0884,synth-0861,2023
synth-0884,synth-0911,2023
synth-0885,synth-0064,2021
synth-0885,synth-0156,2021
synth-0885,synth-0432,2021
synth-0885,synth-0602,2021
synth-0885,synth-0682,2021
synth-0885,synth-0820,2021
synth-0885,synth-0827,2021
synth-0885,synth-0830,2021
synth-0885,synth-0832,2021
synth-0885,synth-0838,2021
synth-0885,synth-0844,2021
synth-0885,synth-0863,2021
synth-0885,synth-0869,2021
synth-0885,synth-0891,2021
synth-0885,synth-0892,2021
synth-0885,synth-0893,2021
synth-0886,synth-0578,2024
synth-0886,synth-0613,2024
synth-0886,synth-0672,2024
synth-0886,synth-0718,2024
synth-0886,synth-0821,2024
synth-0886,synth-0832,2024
synth-0886,synth-0835,2024
synth-0886,synth-0838,2024
synth-0886,synth-0845,2024
synth-0886,synth-0846,2024
synth-0886,synth-0855,2024
synth-0886,synth-0879,2024
synth-0886,synth-0905,2024
synth-0886,synth-0909,2024
synth-0887,synth-0209,2017
synth-0887,synth-0596,2017
synth-0887,synth-0871,2017
synth-0888,synth-0813,2018
synth-0888,synth-0837,2018
synth-0888,synth-0851,2018
synth-0888,synth-0869,2018
synth-0889,synth-0134,2021
synth-0889,synth-0826,2021
synth-0889,synth-0830,2021
synth-0889,synth-0838,2021
synth-0889,synth-0856,2021
synth-0890,synth-0577,2023
synth-0890,synth-0652,2023
synth-0890,synth-0812,2023
synth-0890,synth-0817,2023
synth-0890,synth-0821,2023
synth-0890,synth-0825,2023
synth-0890,synth-0826,2023
synth-0890,synth-0829,2023
synth-0890,synth-0836,2023
synth-0890,synth-0842,2023
synth-0890,synth-0854,2023
synth-0890,synth-0859,2023
synth-0890,synth-0883,2023
synth-0890,synth-0885,2023
synth-0890,synth-0891,2023
synth-0890,synth-0892,2023
synth-0890,synth-0919,2023
synth-0890,synth-0926,2023
synth-0891,synth-0129,2018
synth-0891,synth-0506,2018
synth-0891,synth-0672,2018
synth-0891,synth-0813,2018
synth-0891,synth-0816,2018
synth-0891,synth-0830,2018
synth-0891,synth-0839,2018
synth-0891,synth-0873,2018
synth-0891,synth-0892,2018
synth-0891,synth-0894,2018
synth-0892,synth-0568,2018
synth-0892,synth-0570,2018
synth-0892,synth-0839,2018
synth-0892,synth-0847,2018
synth-0892,synth-0862,2018
synth-0893,synth-0082,2020
synth-0893,synth-0832,2020
synth-0893,synth-0837,2020
synth-0893,synth-0839,2020
synth-0893,synth-0868,2020
synth-0893,synth-0869,2020
synth-0894,synth-0058,2018
synth-0894,synth-0571,2018
synth-0894,synth-0831,2018
synth-0894,synth-0837,2018
synth-0894,synth-0847,2018
synth-0895,synth-0102,2019
synth-0895,synth-0481,2019
synth-0895,synth-0631,2019
synth-0895,synth-0670,2019
synth-0895,synth-0690,2019
synth-0895,synth-0847,2019
synth-0895,synth-0856,2019
synth-0895,synth-0868,2019
synth-0896,synth-0008,2020
synth-0896,synth-0820,2020
synth-0896,synth-0830,2020
synth-0896,synth-0836,2020
synth-0896,synth-0842,2020
synth-0896,synth-0875,2020
synth-0896,synth-0877,2020
synth-0896,synth-0891,2020
synth-0897,synth-0023,2023
synth-0897,synth-0135,2023
synth-0897,synth-0257,2023
synth-0897,synth-0560,2023
synth-0897,synth-0593,2023
synth-0897,synth-0818,2023
synth-0897,synth-0825,2023
synth-0897,synth-0827,2023
synth-0897,synth-0828,2023
synth-0897,synth-0837,2023
synth-0897,synth-0847,2023
synth-0897,synth-0857,2023
synth-0897,synth-0910,2023
synth-0898,synth-0010,2020
synth-0898,synth-0269,2020
synth-0898,synth-0532,2020
synth-0898,synth-0669,2020
synth-0898,synth-0812,2020
synth-0898,synth-0822,2020
synth-0898,synth-0838,2020
synth-0898,synth-0858,2020
synth-0898,synth-0896,2020
synth-0899,synth-0015,2024
synth-0899,synth-0037,2024
synth-0899,synth-0622,2024
synth-0899,synth-0625,2024
synth-0899,synth-0700,2024
synth-0899,synth-0821,2024
synth-0899,synth-0829,2024
synth-0899,synth-0830,2024
synth-0899,synth-0852,2024
synth-0899,synth-0861,2024
synth-0899,synth-0869,2024
synth-0899,synth-0870,2024
synth-0899,synth-0873,2024
synth-0899,synth-0874,2024
synth-0899,synth-0881,2024
synth-0899,synth-0884,2024
synth-0899,synth-0890,2024
synth-0899,synth-0891,2024
synth-0899,synth-0893,2024
synth-0899,synth-0926,2024
synth-0900,synth-0030,2021
synth-0900,synth-0173,2021
synth-0900,synth-0187,2021
synth-0900,synth-0269,2021
synth-0900,synth-0517,2021
synth-0900,synth-0660,2021
synth-0900,synth-0719,2021
synth-0900,synth-0822,2021
synth-0900,synth-0825,2021
synth-0900,synth-0826,2021
synth-0900,synth-0838,2021
synth-0900,synth-0851,2021
synth-0900,synth-0864,2021
synth-0900,synth-0880,2021
synth-0900,synth-0885,2021
synth-0900,synth-0894,2021
synth-0901,synth-0010,2022
synth-0901,synth-0029,2022
synth-0901,synth-0039,2022
synth-0901,synth-0041,2022
synth-0901,synth-0042,2022
synth-0901,synth-0045,2022
synth-0901,synth-0051,2022
synth-0901,synth-0055,2022
synth-0901,synth-0061,2022
synth-0901,synth-0062,2022
synth-0901,synth-0064,2022
synth-0901,synth-0067,2022
synth-0901,synth-0071,2022
synth-0901,synth-0080,2022
synth-0901,synth-0081,2022
synth-0901,synth-0305,2022
synth-0901,synth-0725,2022
synth-0901,synth-0729,2022
synth-0901,synth-0730,2022
synth-0901,synth-0736,2022
synth-0901,synth-0742,2022
synth-0901,synth-0743,2022
synth-0901,synth-0746,2022
synth-0901,synth-0762,2022
synth-0901,synth-0766,2022
synth-0901,synth-0768,2022
synth-0901,synth-0773,2022
synth-0901,synth-0777,2022
synth-0901,synth-0781,2022
synth-0901,synth-0788,2022
synth-0901,synth-0789,2022
synth-0901,synth-0804,2022
synth-0901,synth-0810,2022
synth-0901,synth-0910,2022
synth-0902,synth-0008,2024
synth-0902,synth-0028,2024
synth-0902,synth-0072,2024
synth-0902,synth-0093,2024
synth-0902,synth-0096,2024
synth-0902,synth-0099,2024
synth-0902,synth-0100,2024
synth-0902,synth-0101,2024
synth-0902,synth-0105,2024
synth-0902,synth-0106,2024
synth-0902,synth-0107,2024
synth-0902,synth-0108,2024
synth-0902,synth-0109,2024
synth-0902,synth-0116,2024
synth-0902,synth-0118,2024
synth-0902,synth-0128,2024
synth-0902,synth-0129,2024
synth-0902,synth-0131,2024
synth-0902,synth-0139,2024
synth-0902,synth-0141,2024
synth-0902,synth-0146,2024
synth-0902,synth-0150,2024
synth-0902,synth-0155,2024
synth-0902,synth-0156,2024
synth-0902,synth-0161,2024
synth-0902,synth-0163,2024
synth-0902,synth-0164,2024
synth-0902,synth-0170,2024
synth-0902,synth-0175,2024
synth-0902,synth-0186,2024
synth-0902,synth-0268,2024
synth-0902,synth-0631,2024
synth-0902,synth-0672,2024
synth-0902,synth-0811,2024
synth-0902,synth-0813,2024
synth-0902,synth-0817,2024
synth-0902,synth-0818,2024
synth-0902,synth-0819,2024
synth-0902,synth-0834,2024
synth-0902,synth-0840,2024
synth-0902,synth-0846,2024
synth-0902,synth-0847,2024
synth-0902,synth-0850,2024
synth-0902,synth-0853,2024
synth-0902,synth-0854,2024
synth-0902,synth-0859,2024
synth-0902,synth-0866,2024
synth-0902,synth-0867,2024
synth-0902,synth-0872,2024
synth-0902,synth-0873,2024
synth-0902,synth-0878,2024
synth-0902,synth-0880,2024
synth-0902,synth-0884,2024
synth-0902,synth-0895,2024
synth-0902,synth-0896,2024
synth-0902,synth-0898,2024
synth-0902,synth-0913,2024
synth-0903,synth-0172,2025
synth-0903,synth-0186,2025
synth-0903,synth-0187,2025
synth-0903,synth-0199,2025
synth-0903,synth-0218,2025
synth-0903,synth-0220,2025
synth-0903,synth-0221,2025
synth-0903,synth-0223,2025
synth-0903,synth-0224,2025
synth-0903,synth-0227,2025
synth-0903,synth-0230,2025
synth-0903,synth-0236,2025
synth-0903,synth-0240,2025
synth-0903,synth-0250,2025
synth-0903,synth-0254,2025
synth-0903,synth-0259,2025
synth-0903,synth-0262,2025
synth-0903,synth-0266,2025
synth-0903,synth-0267,2025
synth-0903,synth-0268,2025
synth-0903,synth-0269,2025
synth-0903,synth-0304,2025
synth-0903,synth-0549,2025
synth-0903,synth-0551,2025
synth-0903,synth-0552,2025
synth-0903,synth-0561,2025
synth-0903,synth-0562,2025
synth-0903,synth-0569,2025
synth-0903,synth-0571,2025
synth-0903,synth-0574,2025
synth-0903,synth-0577,2025
synth-0903,synth-0580,2025
synth-0903,synth-0588,2025
synth-0903,synth-0589,2025
synth-0903,synth-0593,2025
synth-0903,synth-0594,2025
synth-0903,synth-0596,2025
synth-0903,synth-0602,2025
synth-0903,synth-0607,2025
synth-0903,synth-0609,2025
synth-0903,synth-0610,2025
synth-0903,synth-0617,2025
synth-0903,synth-0618,2025
synth-0903,synth-0619,2025
synth-0903,synth-0623,2025
synth-0903,synth-0761,2025
synth-0903,synth-0919,2025
synth-0903,synth-0927,2025
synth-0904,synth-0222,2021
synth-0904,synth-0276,2021
synth-0904,synth-0282,2021
synth-0904,synth-0296,2021
synth-0904,synth-0303,2021
synth-0904,synth-0305,2021
synth-0904,synth-0321,2021
synth-0904,synth-0324,2021
synth-0904,synth-0329,2021
synth-0904,synth-0334,2021
synth-0904,synth-0341,2021
synth-0904,synth-0343,2021
synth-0904,synth-0348,2021
synth-0904,synth-0351,2021
synth-0904,synth-0355,2021
synth-0904,synth-0647,2021
synth-0904,synth-0664,2021
synth-0904,synth-0672,2021
synth-0904,synth-0677,2021
synth-0904,synth-0679,2021
synth-0904,synth-0684,2021
synth-0904,synth-0690,2021
synth-0904,synth-0694,2021
synth-0904,synth-0701,2021
synth-0904,synth-0703,2021
synth-0904,synth-0705,2021
synth-0904,synth-0719,2021
synth-0904,synth-0721,2021
synth-0904,synth-0862,2021
synth-0904,synth-0912,2021
synth-0904,synth-0920,2021
synth-0904,synth-0924,2021
synth-0905,synth-0361,2024
synth-0905,synth-0378,2024
synth-0905,synth-0384,2024
synth-0905,synth-0385,2024
synth-0905,synth-0397,2024
synth-0905,synth-0403,2024
synth-0905,synth-0405,2024
synth-0905,synth-0412,2024
synth-0905,synth-0413,2024
synth-0905,synth-0415,2024
synth-0905,synth-0416,2024
synth-0905,synth-0432,2024
synth-0905,synth-0437,2024
synth-0905,synth-0438,2024
synth-0905,synth-0441,2024
synth-0905,synth-0549,2024
synth-0905,synth-0640,2024
synth-0905,synth-0682,2024
synth-0905,synth-0684,2024
synth-0905,synth-0710,2024
synth-0905,synth-0719,2024
synth-0905,synth-0813,2024
synth-0905,synth-0819,2024
synth-0905,synth-0824,2024
synth-0905,synth-0827,2024
synth-0905,synth-0833,2024
synth-0905,synth-0836,2024
synth-0905,synth-0838,2024
synth-0905,synth-0840,2024
synth-0905,synth-0842,2024
synth-0905,synth-0844,2024
synth-0905,synth-0848,2024
synth-0905,synth-0857,2024
synth-0905,synth-0862,2024
synth-0905,synth-0864,2024
synth-0905,synth-0867,2024
synth-0905,synth-0872,2024
synth-0905,synth-0878,2024
synth-0905,synth-0889,2024
synth-0905,synth-0890,2024
synth-0905,synth-0891,2024
synth-0905,synth-0892,2024
synth-0905,synth-0894,2024
synth-0905,synth-0902,2024
synth-0905,synth-0913,2024
synth-0905,synth-0918,2024
synth-0905,synth-0921,2024
synth-0906,synth-0017,2019
synth-0906,synth-0178,2019
synth-0906,synth-0454,2019
synth-0906,synth-0473,2019
synth-0906,synth-0481,2019
synth-0906,synth-0492,2019
synth-0906,synth-0498,2019
synth-0906,synth-0532,2019
synth-0906,synth-0538,2019
synth-0906,synth-0721,2019
synth-0906,synth-0728,2019
synth-0906,synth-0752,2019
synth-0906,synth-0774,2019
synth-0906,synth-0795,2019
synth-0907,synth-0008,2025
synth-0907,synth-0009,2025
synth-0907,synth-0011,2025
synth-0907,synth-0021,2025
synth-0907,synth-0022,2025
synth-0907,synth-0031,2025
synth-0907,synth-0032,2025
synth-0907,synth-0042,2025
synth-0907,synth-0044,2025
synth-0907,synth-0053,2025
synth-0907,synth-0057,2025
synth-0907,synth-0062,2025
synth-0907,synth-0067,2025
synth-0907,synth-0070,2025
synth-0907,synth-0075,2025
synth-0907,synth-0078,2025
synth-0907,synth-0081,2025
synth-0907,synth-0082,2025
synth-0907,synth-0545,2025
synth-0907,synth-0546,2025
synth-0907,synth-0549,2025
synth-0907,synth-0551,2025
synth-0907,synth-0553,2025
synth-0907,synth-0558,2025
synth-0907,synth-0559,2025
synth-0907,synth-0565,2025
synth-0907,synth-0570,2025
synth-0907,synth-0572,2025
synth-0907,synth-0574,2025
synth-0907,synth-0581,2025
synth-0907,synth-0584,2025
synth-0907,synth-0585,2025
synth-0907,synth-0593,2025
synth-0907,synth-0598,2025
synth-0907,synth-0599,2025
synth-0907,synth-0611,2025
synth-0907,synth-0612,2025
synth-0907,synth-0613,2025
synth-0907,synth-0614,2025
synth-0907,synth-0626,2025
synth-0907,synth-0628,2025
synth-0907,synth-0763,2025
synth-0907,synth-0798,2025
synth-0907,synth-0851,2025
synth-0907,synth-0889,2025
synth-0907,synth-0901,2025
synth-0907,synth-0909,2025
synth-0907,synth-0923,2025
synth-0907,synth-0926,2025
synth-0908,synth-0108,2020
synth-0908,synth-0114,2020
synth-0908,synth-0120,2020
synth-0908,synth-0148,2020
synth-0908,synth-0156,2020
synth-0908,synth-0162,2020
synth-0908,synth-0173,2020
synth-0908,synth-0518,2020
synth-0908,synth-0650,2020
synth-0908,synth-0671,2020
synth-0908,synth-0681,2020
synth-0908,synth-0682,2020
synth-0908,synth-0686,2020
synth-0908,synth-0691,2020
synth-0908,synth-0699,2020
synth-0908,synth-0713,2020
synth-0908,synth-0714,2020
synth-0908,synth-0834,2020
synth-0908,synth-0928,2020
synth-0909,synth-0004,2020
synth-0909,synth-0020,2020
synth-0909,synth-0027,2020
synth-0909,synth-0037,2020
synth-0909,synth-0041,2020
synth-0909,synth-0065,2020
synth-0909,synth-0068,2020
synth-0909,synth-0076,2020
synth-0909,synth-0722,2020
synth-0909,synth-0730,2020
synth-0909,synth-0737,2020
synth-0909,synth-0742,2020
synth-0909,synth-0754,2020
synth-0909,synth-0756,2020
synth-0909,synth-0767,2020
synth-0909,synth-0768,2020
synth-0909,synth-0771,2020
synth-0909,synth-0776,2020
synth-0909,synth-0779,2020
synth-0909,synth-0795,2020
synth-0910,synth-0075,2022
synth-0910,synth-0103,2022
synth-0910,synth-0105,2022
synth-0910,synth-0106,2022
synth-0910,synth-0109,2022
synth-0910,synth-0110,2022
synth-0910,synth-0113,2022
synth-0910,synth-0118,2022
synth-0910,synth-0149,2022
synth-0910,synth-0151,2022
synth-0910,synth-0155,2022
synth-0910,synth-0161,2022
synth-0910,synth-0171,2022
synth-0910,synth-0172,2022
synth-0910,synth-0177,2022
synth-0910,synth-0245,2022
synth-0910,synth-0253,2022
synth-0910,synth-0811,2022
synth-0910,synth-0814,2022
synth-0910,synth-0825,2022
synth-0910,synth-0826,2022
synth-0910,synth-0838,2022
synth-0910,synth-0839,2022
synth-0910,synth-0842,2022
synth-0910,synth-0864,2022
synth-0910,synth-0869,2022
synth-0910,synth-0876,2022
synth-0910,synth-0880,2022
synth-0910,synth-0900,2022
synth-0910,synth-0918,2022
synth-0911,synth-0183,2022
synth-0911,synth-0196,2022
synth-0911,synth-0198,2022
synth-0911,synth-0206,2022
synth-0911,synth-0214,2022
synth-0911,synth-0224,2022
synth-0911,synth-0228,2022
synth-0911,synth-0229,2022
synth-0911,synth-0233,2022
synth-0911,synth-0234,2022
synth-0911,synth-0239,2022
synth-0911,synth-0241,2022
synth-0911,synth-0258,2022
synth-0911,synth-0270,2022
synth-0911,synth-0544,2022
synth-0911,synth-0550,2022
synth-0911,synth-0560,2022
synth-0911,synth-0566,2022
synth-0911,synth-0577,2022
synth-0911,synth-0582,2022
synth-0911,synth-0585,2022
synth-0911,synth-0586,2022
synth-0911,synth-0592,2022
synth-0911,synth-0594,2022
synth-0911,synth-0598,2022
synth-0911,synth-0601,2022
synth-0911,synth-0603,2022
synth-0911,synth-0608,2022
synth-0911,synth-0609,2022
synth-0911,synth-0613,2022
synth-0911,synth-0625,2022
synth-0911,synth-0757,2022
synth-0912,synth-0286,2020
synth-0912,synth-0294,2020
synth-0912,synth-0303,2020
synth-0912,synth-0305,2020
synth-0912,synth-0314,2020
synth-0912,synth-0317,2020
synth-0912,synth-0332,2020
synth-0912,synth-0338,2020
synth-0912,synth-0341,2020
synth-0912,synth-0343,2020
synth-0912,synth-0347,2020
synth-0912,synth-0644,2020
synth-0912,synth-0646,2020
synth-0912,synth-0650,2020
synth-0912,synth-0677,2020
synth-0912,synth-0693,2020
synth-0912,synth-0699,2020
synth-0912,synth-0709,2020
synth-0912,synth-0711,2020
synth-0912,synth-0715,2020
synth-0912,synth-0717,2020
synth-0912,synth-0719,2020
synth-0912,synth-0737,2020
synth-0912,synth-0873,2020
synth-0913,synth-0208,2024
synth-0913,synth-0250,2024
synth-0913,synth-0326,2024
synth-0913,synth-0362,2024
synth-0913,synth-0371,2024
synth-0913,synth-0381,2024
synth-0913,synth-0382,2024
synth-0913,synth-0385,2024
synth-0913,synth-0387,2024
synth-0913,synth-0397,2024
synth-0913,synth-0404,2024
synth-0913,synth-0405,2024
synth-0913,synth-0409,2024
synth-0913,synth-0417,2024
synth-0913,synth-0418,2024
synth-0913,synth-0435,2024
synth-0913,synth-0442,2024
synth-0913,synth-0444,2024
synth-0913,synth-0714,2024
synth-0913,synth-0734,2024
synth-0913,synth-0818,2024
synth-0913,synth-0823,2024
synth-0913,synth-0826,2024
synth-0913,synth-0839,2024
synth-0913,synth-0842,2024
synth-0913,synth-0844,2024
synth-0913,synth-0847,2024
synth-0913,synth-0850,2024
synth-0913,synth-0851,2024
synth-0913,synth-0862,2024
synth-0913,synth-0863,2024
synth-0913,synth-0866,2024
synth-0913,synth-0873,2024
synth-0913,synth-0874,2024
synth-0913,synth-0877,2024
synth-0913,synth-0881,2024
synth-0913,synth-0888,2024
synth-0913,synth-0891,2024
synth-0914,synth-0115,2023
synth-0914,synth-0161,2023
synth-0914,synth-0198,2023
synth-0914,synth-0455,2023
synth-0914,synth-0457,2023
synth-0914,synth-0458,2023
synth-0914,synth-0462,2023
synth-0914,synth-0463,2023
synth-0914,synth-0474,2023
synth-0914,synth-0475,2023
synth-0914,synth-0476,2023
synth-0914,synth-0482,2023
synth-0914,synth-0484,2023
synth-0914,synth-0486,2023
synth-0914,synth-0487,2023
synth-0914,synth-0492,2023
synth-0914,synth-0496,2023
synth-0914,synth-0500,2023
synth-0914,synth-0506,2023
synth-0914,synth-0511,2023
synth-0914,synth-0513,2023
synth-0914,synth-0514,2023
synth-0914,synth-0517,2023
synth-0914,synth-0521,2023
synth-0914,synth-0525,2023
synth-0914,synth-0526,2023
synth-0914,synth-0723,2023
synth-0914,synth-0724,2023
synth-0914,synth-0726,2023
synth-0914,synth-0736,2023
synth-0914,synth-0737,2023
synth-0914,synth-0756,2023
synth-0914,synth-0767,2023
synth-0914,synth-0787,2023
synth-0915,synth-0004,2022
synth-0915,synth-0013,2022
synth-0915,synth-0014,2022
synth-0915,synth-0027,2022
synth-0915,synth-0029,2022
synth-0915,synth-0042,2022
synth-0915,synth-0045,2022
synth-0915,synth-0061,2022
synth-0915,synth-0076,2022
synth-0915,synth-0331,2022
synth-0915,synth-0541,2022
synth-0915,synth-0545,2022
synth-0915,synth-0549,2022
synth-0915,synth-0564,2022
synth-0915,synth-0568,2022
synth-0915,synth-0577,2022
synth-0915,synth-0581,2022
synth-0915,synth-0586,2022
synth-0915,synth-0588,2022
synth-0915,synth-0593,2022
synth-0915,synth-0596,2022
synth-0915,synth-0601,2022
synth-0915,synth-0602,2022
synth-0915,synth-0605,2022
synth-0915,synth-0611,2022
synth-0915,synth-0612,2022
synth-0915,synth-0615,2022
synth-0915,synth-0623,2022
synth-0915,synth-0629,2022
synth-0915,synth-0631,2022
synth-0915,synth-0769,2022
synth-0915,synth-0810,2022
synth-0915,synth-0831,2022
synth-0915,synth-0925,2022
synth-0916,synth-0092,2024
synth-0916,synth-0094,2024
synth-0916,synth-0098,2024
synth-0916,synth-0100,2024
synth-0916,synth-0101,2024
synth-0916,synth-0104,2024
synth-0916,synth-0111,2024
synth-0916,synth-0112,2024
synth-0916,synth-0116,2024
synth-0916,synth-0120,2024
synth-0916,synth-0121,2024
synth-0916,synth-0126,2024
synth-0916,synth-0131,2024
synth-0916,synth-0144,2024
synth-0916,synth-0145,2024
synth-0916,synth-0146,2024
synth-0916,synth-0147,2024
synth-0916,synth-0153,2024
synth-0916,synth-0158,2024
synth-0916,synth-0166,2024
synth-0916,synth-0168,2024
synth-0916,synth-0176,2024
synth-0916,synth-0179,2024
synth-0916,synth-0510,2024
synth-0916,synth-0531,2024
synth-0916,synth-0635,2024
synth-0916,synth-0641,2024
synth-0916,synth-0646,2024
synth-0916,synth-0648,2024
synth-0916,synth-0654,2024
synth-0916,synth-0661,2024
synth-0916,synth-0669,2024
synth-0916,synth-0674,2024
synth-0916,synth-0679,2024
synth-0916,synth-0684,2024
synth-0916,synth-0687,2024
synth-0916,synth-0689,2024
synth-0916,synth-0692,2024
synth-0916,synth-0701,2024
synth-0916,synth-0707,2024
synth-0916,synth-0710,2024
synth-0916,synth-0711,2024
synth-0916,synth-0712,2024
synth-0916,synth-0713,2024
synth-0916,synth-0718,2024
synth-0916,synth-0780,2024
synth-0916,synth-0904,2024
synth-0916,synth-0906,2024
synth-0917,synth-0007,2025
synth-0917,synth-0010,2025
synth-0917,synth-0011,2025
synth-0917,synth-0014,2025
synth-0917,synth-0018,2025
synth-0917,synth-0028,2025
synth-0917,synth-0031,2025
synth-0917,synth-0037,2025
synth-0917,synth-0038,2025
synth-0917,synth-0041,2025
synth-0917,synth-0046,2025
synth-0917,synth-0049,2025
synth-0917,synth-0050,2025
synth-0917,synth-0052,2025
synth-0917,synth-0057,2025
synth-0917,synth-0061,2025
synth-0917,synth-0063,2025
synth-0917,synth-0069,2025
synth-0917,synth-0071,2025
synth-0917,synth-0078,2025
synth-0917,synth-0081,2025
synth-0917,synth-0216,2025
synth-0917,synth-0313,2025
synth-0917,synth-0413,2025
synth-0917,synth-0724,2025
synth-0917,synth-0725,2025
synth-0917,synth-0726,2025
synth-0917,synth-0727,2025
synth-0917,synth-0732,2025
synth-0917,synth-0743,2025
synth-0917,synth-0756,2025
synth-0917,synth-0759,2025
synth-0917,synth-0760,2025
synth-0917,synth-0765,2025
synth-0917,synth-0768,2025
synth-0917,synth-0771,2025
synth-0917,synth-0774,2025
synth-0917,synth-0775,2025
synth-0917,synth-0776,2025
synth-0917,synth-0777,2025
synth-0917,synth-0780,2025
synth-0917,synth-0785,2025
synth-0917,synth-0787,2025
synth-0917,synth-0790,2025
synth-0917,synth-0802,2025
synth-0917,synth-0909,2025
synth-0917,synth-0914,2025
synth-0917,synth-0922,2025
synth-0917,synth-0925,2025
synth-0918,synth-0099,2019
synth-0918,synth-0101,2019
synth-0918,synth-0103,2019
synth-0918,synth-0110,2019
synth-0918,synth-0113,2019
synth-0918,synth-0124,2019
synth-0918,synth-0166,2019
synth-0918,synth-0226,2019
synth-0918,synth-0811,2019
synth-0918,synth-0822,2019
synth-0918,synth-0826,2019
synth-0918,synth-0830,2019
synth-0918,synth-0832,2019
synth-0918,synth-0836,2019
synth-0918,synth-0847,2019
synth-0918,synth-0863,2019
synth-0918,synth-0869,2019
synth-0918,synth-0872,2019
synth-0918,synth-0873,2019
synth-0918,synth-0874,2019
synth-0918,synth-0883,2019
synth-0918,synth-0894,2019
synth-0919,synth-0183,2020
synth-0919,synth-0194,2020
synth-0919,synth-0198,2020
synth-0919,synth-0207,2020
synth-0919,synth-0214,2020
synth-0919,synth-0224,2020
synth-0919,synth-0233,2020
synth-0919,synth-0234,2020
synth-0919,synth-0246,2020
synth-0919,synth-0255,2020
synth-0919,synth-0261,2020
synth-0919,synth-0545,2020
synth-0919,synth-0552,2020
synth-0919,synth-0564,2020
synth-0919,synth-0585,2020
synth-0919,synth-0598,2020
synth-0919,synth-0600,2020
synth-0919,synth-0609,2020
synth-0919,synth-0613,2020
synth-0919,synth-0615,2020
synth-0919,synth-0621,2020
synth-0919,synth-0818,2020
synth-0919,synth-0838,2020
synth-0919,synth-0868,2020
synth-0919,synth-0896,2020
synth-0920,synth-0280,2019
synth-0920,synth-0289,2019
synth-0920,synth-0294,2019
synth-0920,synth-0308,2019
synth-0920,synth-0312,2019
synth-0920,synth-0320,2019
synth-0920,synth-0328,2019
synth-0920,synth-0331,2019
synth-0920,synth-0348,2019
synth-0920,synth-0355,2019
synth-0920,synth-0403,2019
synth-0920,synth-0634,2019
synth-0920,synth-0652,2019
synth-0920,synth-0671,2019
synth-0920,synth-0672,2019
synth-0920,synth-0679,2019
synth-0920,synth-0709,2019
synth-0920,synth-0714,2019
synth-0920,synth-0751,2019
synth-0920,synth-0795,2019
synth-0920,synth-0816,2019
synth-0920,synth-0866,2019
synth-0920,synth-0888,2019
synth-0921,synth-0363,2023
synth-0921,synth-0365,2023
synth-0921,synth-0369,2023
synth-0921,synth-0374,2023
synth-0921,synth-0379,2023
synth-0921,synth-0381,2023
synth-0921,synth-0386,2023
synth-0921,synth-0388,2023
synth-0921,synth-0396,2023
synth-0921,synth-0411,2023
synth-0921,synth-0417,2023
synth-0921,synth-0425,2023
synth-0921,synth-0428,2023
synth-0921,synth-0439,2023
synth-0921,synth-0444,2023
synth-0921,synth-0445,2023
synth-0921,synth-0449,2023
synth-0921,synth-0576,2023
synth-0921,synth-0630,2023
synth-0921,synth-0811,2023
synth-0921,synth-0812,2023
synth-0921,synth-0815,2023
synth-0921,synth-0817,2023
synth-0921,synth-0818,2023
synth-0921,synth-0820,2023
synth-0921,synth-0824,2023
synth-0921,synth-0825,2023
synth-0921,synth-0841,2023
synth-0921,synth-0845,2023
synth-0921,synth-0848,2023
synth-0921,synth-0857,2023
synth-0921,synth-0863,2023
synth-0921,synth-0872,2023
synth-0921,synth-0873,2023
synth-0921,synth-0875,2023
synth-0921,synth-0879,2023
synth-0921,synth-0883,2023
synth-0921,synth-0894,2023
synth-0921,synth-0898,2023
synth-0921,synth-0900,2023
synth-0921,synth-0918,2023
synth-0921,synth-0920,2023
synth-0922,synth-0111,2025
synth-0922,synth-0158,2025
synth-0922,synth-0404,2025
synth-0922,synth-0406,2025
synth-0922,synth-0452,2025
synth-0922,synth-0457,2025
synth-0922,synth-0458,2025
synth-0922,synth-0463,2025
synth-0922,synth-0465,2025
synth-0922,synth-0473,2025
synth-0922,synth-0474,2025
synth-0922,synth-0482,2025
synth-0922,synth-0484,2025
synth-0922,synth-0486,2025
synth-0922,synth-0500,2025
synth-0922,synth-0504,2025
synth-0922,synth-0506,2025
synth-0922,synth-0510,2025
synth-0922,synth-0516,2025
synth-0922,synth-0517,2025
synth-0922,synth-0519,2025
synth-0922,synth-0520,2025
synth-0922,synth-0521,2025
synth-0922,synth-0523,2025
synth-0922,synth-0528,2025
synth-0922,synth-0537,2025
synth-0922,synth-0575,2025
synth-0922,synth-0622,2025
synth-0922,synth-0645,2025
synth-0922,synth-0721,2025
synth-0922,synth-0724,2025
synth-0922,synth-0731,2025
synth-0922,synth-0740,2025
synth-0922,synth-0742,2025
synth-0922,synth-0744,2025
synth-0922,synth-0745,2025
synth-0922,synth-0748,2025
synth-0922,synth-0750,2025
synth-0922,synth-0751,2025
synth-0922,synth-0757,2025
synth-0922,synth-0774,2025
synth-0922,synth-0779,2025
synth-0922,synth-0784,2025
synth-0922,synth-0788,2025
synth-0922,synth-0795,2025
synth-0922,synth-0798,2025
synth-0922,synth-0804,2025
synth-0922,synth-0805,2025
synth-0922,synth-0808,2025
synth-0922,synth-0809,2025
synth-0922,synth-0906,2025
synth-0922,synth-0925,2025
synth-0923,synth-0003,2022
synth-0923,synth-0007,2022
synth-0923,synth-0011,2022
synth-0923,synth-0013,2022
synth-0923,synth-0015,2022
synth-0923,synth-0020,2022
synth-0923,synth-0025,2022
synth-0923,synth-0029,2022
synth-0923,synth-0032,2022
synth-0923,synth-0045,2022
synth-0923,synth-0048,2022
synth-0923,synth-0055,2022
synth-0923,synth-0062,2022
synth-0923,synth-0064,2022
synth-0923,synth-0073,2022
synth-0923,synth-0076,2022
synth-0923,synth-0078,2022
synth-0923,synth-0085,2022
synth-0923,synth-0089,2022
synth-0923,synth-0276,2022
synth-0923,synth-0289,2022
synth-0923,synth-0478,2022
synth-0923,synth-0543,2022
synth-0923,synth-0549,2022
synth-0923,synth-0554,2022
synth-0923,synth-0562,2022
synth-0923,synth-0563,2022
synth-0923,synth-0567,2022
synth-0923,synth-0571,2022
synth-0923,synth-0575,2022
synth-0923,synth-0593,2022
synth-0923,synth-0594,2022
synth-0923,synth-0602,2022
synth-0923,synth-0608,2022
synth-0923,synth-0612,2022
synth-0923,synth-0614,2022
synth-0923,synth-0617,2022
synth-0923,synth-0620,2022
synth-0923,synth-0624,2022
synth-0923,synth-0625,2022
synth-0923,synth-0626,2022
synth-0923,synth-0628,2022
synth-0923,synth-0629,2022
synth-0924,synth-0091,2021
synth-0924,synth-0093,2021
synth-0924,synth-0098,2021
synth-0924,synth-0102,2021
synth-0924,synth-0105,2021
synth-0924,synth-0110,2021
synth-0924,synth-0120,2021
synth-0924,synth-0130,2021
synth-0924,synth-0133,2021
synth-0924,synth-0157,2021
synth-0924,synth-0173,2021
synth-0924,synth-0180,2021
synth-0924,synth-0389,2021
synth-0924,synth-0396,2021
synth-0924,synth-0456,2021
synth-0924,synth-0644,2021
synth-0924,synth-0646,2021
synth-0924,synth-0647,2021
synth-0924,synth-0648,2021
synth-0924,synth-0652,2021
synth-0924,synth-0655,2021
synth-0924,synth-0659,2021
synth-0924,synth-0660,2021
synth-0924,synth-0685,2021
synth-0924,synth-0686,2021
synth-0924,synth-0689,2021
synth-0924,synth-0692,2021
synth-0924,synth-0694,2021
synth-0924,synth-0703,2021
synth-0924,synth-0904,2021
synth-0925,synth-0011,2021
synth-0925,synth-0032,2021
synth-0925,synth-0042,2021
synth-0925,synth-0045,2021
synth-0925,synth-0074,2021
synth-0925,synth-0096,2021
synth-0925,synth-0613,2021
synth-0925,synth-0719,2021
synth-0925,synth-0724,2021
synth-0925,synth-0725,2021
synth-0925,synth-0727,2021
synth-0925,synth-0730,2021
synth-0925,synth-0732,2021
synth-0925,synth-0736,2021
synth-0925,synth-0744,2021
synth-0925,synth-0747,2021
synth-0925,synth-0760,2021
synth-0925,synth-0767,2021
synth-0925,synth-0777,2021
synth-0925,synth-0778,2021
synth-0925,synth-0783,2021
synth-0925,synth-0784,2021
synth-0925,synth-0793,2021
synth-0925,synth-0802,2021
synth-0925,synth-0810,2021
synth-0925,synth-0847,2021
synth-0926,synth-0013,2023
synth-0926,synth-0049,2023
synth-0926,synth-0093,2023
synth-0926,synth-0094,2023
synth-0926,synth-0095,2023
synth-0926,synth-0098,2023
synth-0926,synth-0100,2023
synth-0926,synth-0115,2023
synth-0926,synth-0116,2023
synth-0926,synth-0124,2023
synth-0926,synth-0128,2023
synth-0926,synth-0134,2023
synth-0926,synth-0140,2023
synth-0926,synth-0152,2023
synth-0926,synth-0158,2023
synth-0926,synth-0161,2023
synth-0926,synth-0162,2023
synth-0926,synth-0163,2023
synth-0926,synth-0166,2023
synth-0926,synth-0168,2023
synth-0926,synth-0265,2023
synth-0926,synth-0580,2023
synth-0926,synth-0604,2023
synth-0926,synth-0609,2023
synth-0926,synth-0697,2023
synth-0926,synth-0812,2023
synth-0926,synth-0819,2023
synth-0926,synth-0821,2023
synth-0926,synth-0825,2023
synth-0926,synth-0826,2023
synth-0926,synth-0828,2023
synth-0926,synth-0831,2023
synth-0926,synth-0836,2023
synth-0926,synth-0837,2023
synth-0926,synth-0839,2023
synth-0926,synth-0845,2023
synth-0926,synth-0848,2023
synth-0926,synth-0851,2023
synth-0926,synth-0857,2023
synth-0926,synth-0869,2023
synth-0926,synth-0878,2023
synth-0926,synth-0881,2023
synth-0926,synth-0882,2023
synth-0926,synth-0891,2023
synth-0926,synth-0896,2023
synth-0926,synth-0897,2023
synth-0926,synth-0900,2023
synth-0927,synth-0181,2024
synth-0927,synth-0182,2024
synth-0927,synth-0183,2024
synth-0927,synth-0188,2024
synth-0927,synth-0193,2024
synth-0927,synth-0200,2024
synth-0927,synth-0205,2024
synth-0927,synth-0206,2024
synth-0927,synth-0207,2024
synth-0927,synth-0210,2024
synth-0927,synth-0211,2024
synth-0927,synth-0212,2024
synth-0927,synth-0220,2024
synth-0927,synth-0228,2024
synth-0927,synth-0232,2024
synth-0927,synth-0239,2024
synth-0927,synth-0242,2024
synth-0927,synth-0248,2024
synth-0927,synth-0262,2024
synth-0927,synth-0263,2024
synth-0927,synth-0269,2024
synth-0927,synth-0287,2024
synth-0927,synth-0340,2024
synth-0927,synth-0354,2024
synth-0927,synth-0371,2024
synth-0927,synth-0550,2024
synth-0927,synth-0551,2024
synth-0927,synth-0555,2024
synth-0927,synth-0557,2024
synth-0927,synth-0561,2024
synth-0927,synth-0564,2024
synth-0927,synth-0575,2024
synth-0927,synth-0578,2024
synth-0927,synth-0591,2024
synth-0927,synth-0592,2024
synth-0927,synth-0593,2024
synth-0927,synth-0600,2024
synth-0927,synth-0610,2024
synth-0927,synth-0615,2024
synth-0927,synth-0618,2024
synth-0927,synth-0622,2024
synth-0927,synth-0783,2024
synth-0927,synth-0828,2024
synth-0927,synth-0911,2024
synth-0927,synth-0919,2024
synth-0928,synth-0295,2020
synth-0928,synth-0311,2020
synth-0928,synth-0317,2020
synth-0928,synth-0320,2020
synth-0928,synth-0325,2020
synth-0928,synth-0326,2020
synth-0928,synth-0341,2020
synth-0928,synth-0348,2020
synth-0928,synth-0350,2020
synth-0928,synth-0360,2020
synth-0928,synth-0646,2020
synth-0928,synth-0658,2020
synth-0928,synth-0660,2020
synth-0928,synth-0679,2020
synth-0928,synth-0684,2020
synth-0928,synth-0685,2020
synth-0928,synth-0689,2020
synth-0928,synth-0699,2020
synth-0928,synth-0716,2020
synth-0928,synth-0863,2020
synth-0928,synth-0869,2020
synth-0928,synth-0912,2020
